-- phpMyAdmin SQL Dump
-- version 5.1.1
-- https://www.phpmyadmin.net/
--
-- Host: mariadb
-- Tempo de geração: 03-Abr-2024 às 17:07
-- Versão do servidor: 10.6.5-MariaDB-1:10.6.5+maria~focal
-- versão do PHP: 7.4.26

SET SQL_MODE = "NO_AUTO_VALUE_ON_ZERO";
START TRANSACTION;
SET time_zone = "+00:00";


/*!40101 SET @OLD_CHARACTER_SET_CLIENT=@@CHARACTER_SET_CLIENT */;
/*!40101 SET @OLD_CHARACTER_SET_RESULTS=@@CHARACTER_SET_RESULTS */;
/*!40101 SET @OLD_COLLATION_CONNECTION=@@COLLATION_CONNECTION */;
/*!40101 SET NAMES utf8mb4 */;

--
-- Banco de dados: `politecnico`
--

-- --------------------------------------------------------

--
-- Estrutura da tabela `aluno`
--

CREATE TABLE `aluno` (
  `idAluno` int(11) NOT NULL,
  `nome` varchar(50) NOT NULL,
  `apelido` varchar(50) NOT NULL
) ENGINE=InnoDB DEFAULT CHARSET=latin1;

--
-- Extraindo dados da tabela `aluno`
--

INSERT INTO `aluno` (`idAluno`, `nome`, `apelido`) VALUES
(1, 'João', 'das Calças'),
(2, 'Zeca', 'Gado'),
(3, 'Yuri', 'Santos'),
(4, 'Paulo', 'Gonçalves'),
(5, 'Thiago', 'Silva'),
(6, 'Rodrigo', 'Santos'),
(7, 'Carlos', 'Rodrigues'),
(8, 'Vagner', 'Cruz'),
(9, 'Breno', 'Lima'),
(10, 'Jaime', 'Lannister'),
(11, 'Vitor', 'Dias'),
(12, 'Rafael', 'Oliveira'),
(13, 'Ed', 'Motta'),
(14, 'Ed', 'Gama'),
(15, 'Gabi', 'Gol'),
(16, 'Nete', 'Flixo'),
(17, 'Adriano', 'Imperador'),
(18, 'Zico', 'Coimbra'),
(19, 'Funny', 'Valentine'),
(20, 'Lucy', 'Steel'),
(21, 'Alirio', 'Junior'),
(22, 'Tico', 'Meria'),
(23, 'leo', 'lins'),
(24, 'lis', 'bueno'),
(25, 'Anakin', 'Skywalker'),
(26, 'Obi-Wan', 'Kenobi'),
(27, 'Ja', 'Morou'),
(28, 'Drink', 'Water'),
(29, 'Papa', 'Capim'),
(30, 'Shaolin', 'Matador de Porco'),
(31, 'Mare', 'Jemisin'),
(32, 'Thomas', 'Sangster'),
(33, 'Stuart', 'Litro'),
(34, 'Homer', 'Simples'),
(35, 'Edson', 'Duarte'),
(36, 'Anneliese', 'Elesbão'),
(37, 'Bobba', 'Fett'),
(38, 'Ahsoka', 'Tano'),
(39, 'Okamoto', 'Kenta'),
(40, 'Gabi', 'Gordo'),
(41, 'Kucca', 'Beludo'),
(42, 'Tammy', 'Leite');

-- --------------------------------------------------------

--
-- Estrutura da tabela `aluno_grade`
--

CREATE TABLE `aluno_grade` (
  `matricula` int(11) NOT NULL,
  `idAluno` int(11) DEFAULT NULL,
  `idGrade` int(11) DEFAULT NULL,
  `integralizado` tinyint(1) NOT NULL,
  `anoEntrada` int(11) NOT NULL
) ENGINE=InnoDB DEFAULT CHARSET=latin1;

--
-- Extraindo dados da tabela `aluno_grade`
--

INSERT INTO `aluno_grade` (`matricula`, `idAluno`, `idGrade`, `integralizado`, `anoEntrada`) VALUES
(1, 3, 1, 1, 2018),
(2, 4, 3, 0, 2023),
(5, 5, 2, 1, 2022),
(8, 8, 2, 0, 2022),
(100, 11, 7, 1, 2021),
(101, 12, 7, 0, 2022),
(123, 1, 1, 1, 2017),
(200, 9, 1, 0, 2022),
(201, 10, 1, 0, 2015),
(456, 2, 2, 0, 2022),
(457, 5, 1, 1, 2023),
(458, 6, 1, 0, 2023),
(998, 21, 20, 1, 2018),
(999, 22, 20, 0, 2023),
(1512, 39, 24, 1, 2018),
(2201, 35, 10, 1, 2021),
(2202, 36, 10, 0, 2022),
(3110, 40, 24, 0, 2022),
(102030, 13, 11, 1, 2018),
(302010, 14, 11, 0, 2022),
(302011, 17, 15, 0, 2019),
(302012, 18, 15, 0, 2022),
(302013, 19, 9, 1, 2018),
(302014, 20, 9, 0, 2022),
(302015, 23, 12, 1, 2020),
(302016, 24, 12, 1, 2021),
(302017, 31, 13, 1, 2020),
(302018, 32, 13, 0, 2022),
(302019, 25, 21, 0, 2011),
(302020, 26, 21, 1, 2015),
(302021, 27, 16, 0, 2022),
(302022, 28, 16, 1, 2022),
(302023, 33, 14, 0, 2019),
(302024, 34, 14, 0, 2021),
(302027, 15, 23, 0, 2022),
(302028, 16, 23, 1, 2014),
(302029, 37, 22, 1, 2010),
(302030, 38, 22, 0, 2014),
(302031, 29, 19, 1, 2016),
(302032, 30, 19, 0, 2022),
(302033, 41, 25, 0, 2021),
(302034, 42, 25, 1, 2019);

-- --------------------------------------------------------

--
-- Estrutura da tabela `curso`
--

CREATE TABLE `curso` (
  `idCurso` int(11) NOT NULL,
  `idPolitecnico` int(11) NOT NULL,
  `nome` varchar(50) NOT NULL,
  `tipo` varchar(25) NOT NULL,
  `autorizacao` varchar(100) DEFAULT NULL
) ENGINE=InnoDB DEFAULT CHARSET=latin1;

--
-- Extraindo dados da tabela `curso`
--

INSERT INTO `curso` (`idCurso`, `idPolitecnico`, `nome`, `tipo`, `autorizacao`) VALUES
(1, 1, 'Licenciatura em Engenharia Informática', 'Licenciatura', NULL),
(2, 2, 'Negócios Internacionais', 'Licenciatura', '6804/2019'),
(3, 2, 'Informática', 'Licenciatura', '9236/2020'),
(4, 2, 'Gestão de Marketing', 'Licenciatura', '6943/2020'),
(5, 2, 'Gestão de Empresas', 'Licenciatura', '8934/2022'),
(6, 1, 'Tecnologias de Energia', 'Licenciatura', NULL),
(7, 2, 'Contabilidade e Fiscalidade', 'Licenciatura', '779/2018'),
(8, 2, 'Licenciatura em Tecnologia e Gestão Industrial', 'Licenciatura', '9236/2016'),
(9, 3, 'Segurança Informática em Redes de Computadores ', 'Licenciatura', '6064/2021'),
(10, 3, 'Gestão Industrial e Logística ', 'Licenciatura', '6732/2018'),
(11, 3, 'Licenciatura em Solicitadoria', 'Licenciatura', '7798/2022'),
(12, 3, 'Ciências Empresariais', 'Licenciatura', ' 8601/2019'),
(13, 3, 'Segurança do Trabalho e Ambiente', 'Licenciatura', '3205/2022'),
(14, 3, 'Sistemas de Informação para a Gestão', 'Licenciatura', '9929/2020'),
(15, 3, 'Licenciatura em C. Empresariais (Pós-Laboral)', 'Licenciatura', '8601/2019'),
(16, 3, 'Licenciatura em Solicitadoria (Pós-Laboral)', 'Licenciatura', '7798/2022'),
(17, 4, 'Licenciatura em Contabilidade', 'Licenciatura', '3563/2011'),
(18, 4, 'Marketing', 'Licenciatura', '732/2011'),
(19, 4, 'Tecnologia e Design de Mobiliário', 'licenciatura', '432012/AL01'),
(20, 4, 'Tecnologias e Design de Multimédia', 'Licenciatura', '733/2011'),
(21, 4, 'Gestão de Empresas', 'Licenciatura', '731/2011'),
(22, 4, 'Turismo', 'Licenciatura', '734/2011'),
(23, 3, 'Belas-artes', 'Licenciatura', '733/2011');

-- --------------------------------------------------------

--
-- Estrutura da tabela `disciplina`
--

CREATE TABLE `disciplina` (
  `idDisciplina` int(11) NOT NULL,
  `nome` varchar(100) NOT NULL,
  `ch` int(11) DEFAULT NULL,
  `ects` float DEFAULT NULL,
  `sigla` varchar(100) DEFAULT NULL,
  `codDisciplina` varchar(100) DEFAULT NULL
) ENGINE=InnoDB DEFAULT CHARSET=latin1;

--
-- Extraindo dados da tabela `disciplina`
--

INSERT INTO `disciplina` (`idDisciplina`, `nome`, `ch`, `ects`, `sigla`, `codDisciplina`) VALUES
(1, 'Introdução à Programação Orientada por Objetos', 0, 6, 'IPOO', 'INF32146'),
(2, 'Matemática I', 0, 6, 'MI', 'INF32144'),
(3, 'Redes de Computadores', 0, 6, 'RC', 'INF32166'),
(4, 'Arquitetura Computacional e Microprocessadores', 0, 6, 'ACM', 'INF32192'),
(5, 'Economia', 0, 3, 'ECO', 'INF32193'),
(6, 'Introdução à Gestão de Empresas', 0, 3, 'IGE', 'INF32194'),
(7, 'Programação Orientada por Objetos	', 0, 6, 'POO', 'INF32150'),
(8, 'Algoritmos e Tipos Abstratos de Dados', 0, 6, 'ATBD', 'INF32153'),
(9, 'Análise Numérica', 0, 6, 'NA', 'INF32151'),
(10, 'Bases de Dados', 0, 6, 'BD', 'INF32152'),
(11, 'Introdução à Programação para a Web', 0, 3, 'IPW', 'INF32198'),
(12, 'Comportamento Organizacional e Gestão de Equipas', 0, 3, 'COGE', 'INF32203'),
(13, 'Sistemas Operativos', 0, 6, 'SO', 'INF32154'),
(14, 'Programação Avançada', 0, 6, 'PA', 'INF32157'),
(15, 'Matemática Discreta', 0, 6, 'MD', 'INF32155'),
(16, 'Programação para a Web', 0, 6, 'PW', 'INF32206'),
(17, 'Interação Pessoa-Máquina', 0, 6, 'IPM', 'INF32156'),
(18, 'Computação Móvel', 0, 6, 'CM', 'INF32186'),
(19, 'Computação Paralela e Distribuída', 0, 6, 'CPD', 'INF32208'),
(20, 'Métodos Estatísticos', 0, 6, 'ME', 'INF32209'),
(21, 'Programação Visual', 0, 6, 'PRGVIS', 'INF32188'),
(22, 'Engenharia de Software Aplicada', 0, 12, 'ESA', 'INF32213'),
(23, 'Inteligência Artificial', 0, 6, 'IA', 'INF32185'),
(24, 'Gestão de Projetos Informáticos', 0, 3, 'GPI', 'INF32210'),
(25, 'Inovação e Empreendedorismo', 0, 3, 'IE', 'INF32211'),
(26, 'Portfólio em Engenharia Informática', 0, 6, 'PEF', 'INF32212'),
(27, 'Competências Transversais', 23, 5, 'CT', 'LNI03'),
(28, 'Espanhol de Negócios', 36, 4, 'EN', 'LNI35'),
(29, 'Introdução à Gestão', 18, 5, 'IG', 'LNI01'),
(30, 'Introdução à Direito', 42, 5, 'ID', 'LNI02'),
(31, 'Introdução aos Métodos Quantitativos', 60, 6, 'IMQ', 'LNI06'),
(32, 'Microeconomia', 11, 5, 'MIC', 'LNI05'),
(33, 'Contabilidade Financeira e Relato', 40, 5, 'CFR', 'LNI07'),
(34, 'Estatística Aplicada à Gestão', 36, 6, 'EAG', 'LNI12'),
(35, 'Inglês de Negócios I', 27, 4, 'IN', 'LNI08'),
(36, 'Macroeconomia', 27, 4, 'MAC', 'LNI09'),
(37, 'Marketing', 40, 6, 'MKT', 'LNI11'),
(38, 'Tecnologias e Sistemas de Informação', 32, 5, 'TSI', 'LNI10'),
(39, 'Comportamento Organizacional', 42, 4, 'CO', 'LNI13'),
(40, 'Contabilidade de Gestão', 60, 6, 'CG', 'LNI15'),
(41, 'Direito Comercial e da Propriedade Industrial', 42, 5, 'DCPID', 'LNI14'),
(42, 'Gestão Financeira', 56, 6, 'GF', 'LNI17'),
(43, 'Inglês de Negócios II', 45, 4, 'INII', 'LNI16'),
(44, 'Pesquisa de Mercado', 42, 5, 'PM', 'LNI18'),
(45, 'Direito dos Negócios Internacionais', 24, 5, 'DNI', 'LNI20'),
(46, 'Economia Internacional', 36, 6, 'EI', 'LNI22'),
(47, 'Finanças Internacionais', 40, 6, 'FINI', 'LNI23'),
(48, 'Fiscalidade Internacional', 32, 5, 'FISCI', 'LNI21'),
(49, 'Logistica Internacional', 30, 5, 'LI', 'LNI19'),
(50, 'Marketing Internacional', 32, 5, 'MKTI', 'LNI24'),
(51, 'Gestão Estratégica Internacional', 42, 5, 'GEI', 'LNI25'),
(52, 'Gestão Internacional de Recursos Humanos', 45, 5, 'GIRH', 'LNI28'),
(53, 'Inovação e Desenvolvimento de Produtos', 45, 5, 'IDP', 'LNI29'),
(54, 'Marketing Digital', 42, 5, 'MKTD', 'LNI30'),
(55, 'Operações Comerciais Internacionais', 45, 5, 'OCI', 'LNI26'),
(56, 'Operações da Tesouraria Internacional', 39, 5, 'OTI', 'LNI27'),
(57, 'Empreendedorismo', 35, 5, 'EMPR', 'LNI33'),
(58, 'Estágio / Projecto em Negócios Internacionais', 42, 15, 'EST/PN', 'LNI34'),
(59, 'Ética dos Negócios Internacionais	', 27, 5, 'ENI', 'LNI31'),
(60, 'Seminários de Internacionalização	', 30, 5, 'SI', 'LNI32'),
(61, 'Arquitetura de Computadores e Sistemas Operativos', 150, 6, '', 'LIB10101'),
(62, 'Fundamentos de Programação', 175, 7, 'FP', 'LIB10102'),
(63, 'Matemática Discreta', 150, 6, 'MD', 'LIB10102'),
(64, 'Organização e Gestão de Empresas', 125, 5, 'OGE', 'LIB10149'),
(65, 'Sistemas Multimédia', 150, 6, 'SM', 'LIB10122'),
(66, 'Bases de Dados I', 150, 6, 'BD I', 'LIB10108'),
(67, 'Cálculo', 150, 6, 'CAL', 'LIB10105'),
(68, 'Programação Orientada aos Objetos', 150, 6, ' 	POO', 'LIB10151'),
(69, 'Redes de Computadores', 150, 6, 'RC', 'LIB10106'),
(70, 'Sistemas Web', 150, 6, 'SW', 'LIB10106'),
(71, 'Iniciação à Matemática', 0, 0, 'IM', 'LIB10159'),
(72, 'Algoritmos e Estrutura de Dados', 175, 7, 'AED', 'LIB10142'),
(73, 'Análise e Conceção de Sistemas de Informação', 150, 6, 'ACSI', 'LIB10113'),
(74, 'Bases de Dados II', 175, 7, 'BD II', 'LIB10118'),
(75, 'Serviços de Redes', 125, 5, 'SR', 'LIB10134'),
(76, 'Tecnologias da Internet', 125, 5, 'TI', 'LIB10135'),
(77, 'Administração e Segurança de Sistemas e de Redes', 150, 6, 'ASSR', 'LIB10137'),
(78, 'Aplicações Multimédia', 150, 6, 'AM', 'LIB10153'),
(79, 'Integração Sistemas', 150, 6, 'IS', 'LIB10144'),
(80, 'Interfaces Pessoa-Máquina', 0, 6, 'IPM', 'LIB10150'),
(81, 'Probabilidades e Estatistica', 150, 6, 'PE', 'LIB10152'),
(82, 'Desenvolvimento para Dispositivos Móveis', 150, 6, 'DDM', 'LIB10139'),
(83, 'Gestão de Projetos', 175, 7, 'GP', 'LIB10127'),
(84, 'Inteligência Artificial', 175, 7, 'IA', 'LIB10143'),
(85, 'Marketing para as Tecnologias', 125, 5, 'MT', 'LIB10138'),
(86, 'Computação na Nuvem', 125, 5, 'CN', 'LIB10146'),
(87, 'Direito e Ética da Sociedade da Informação', 125, 5, 'DESI', 'LIB10130'),
(88, 'Projeto Aplicado', 250, 10, 'PA', 'LIB10155'),
(89, 'Sistemas de Informação para a Gestão', 125, 5, 'SIG', 'LIB10156'),
(90, 'Aplicações Código Aberto', 0, 5, 'ACA', 'LIB10154'),
(91, 'Contabilidade Empresarial', 0, 5, 'CE', 'LIB10158'),
(92, 'Tecnologias para o Negócio Eletrónico', 0, 5, 'TNE', 'LIB10145'),
(93, 'Cibersegurança', 125, 5, 'CS', 'LIB10147'),
(94, 'Finanças', 0, 5, 'FIN', 'LIB10157'),
(95, 'Internet das Coisas', 0, 5, 'IC', 'LIB10148'),
(96, 'Competencias Transversais', 0, 6, 'CT', 'LGM01'),
(97, 'Economia', 0, 6, 'ECO', 'LGM03'),
(98, 'Estatistica Aplicada ao Marketing I', 0, 6, 'EAM I', 'LGM05'),
(99, 'Gestao', 0, 6, 'GEST', 'LGM04'),
(100, 'Marketing', 0, 6, 'MKT', 'LGM02'),
(101, 'Comportamento do Consumidor', 0, 6, 'CC', 'LGM06'),
(102, 'Contabilidade', 0, 6, 'CONT', 'LGM09'),
(103, 'Direito do Marketing', 0, 6, 'DM', 'LGM10'),
(104, 'Estatistica Aplicada ao Marketing II', 0, 6, 'EAM II', 'LGM08'),
(105, 'Estrategia Empresarial', 0, 6, 'EE', 'LGM07'),
(106, 'Estudos de Mercado', 0, 6, 'EM', 'LGM011'),
(107, 'Financas', 0, 6, 'FIN', 'LGM013'),
(108, 'Gestao de Operacoes e Logistica', 0, 6, 'GOL', 'LGM012'),
(109, 'Gestao do Produto e do Preco', 0, 6, 'GPP', 'LGM014'),
(110, 'Marketing Digital ', 0, 6, 'MD', 'LGM015'),
(111, 'Comunicacao de Marketing', 0, 6, 'CM', 'LGM016'),
(112, 'Distribuicao e Merchandising', 0, 6, 'DM', 'LGM019'),
(113, 'Gestao e Tecnicas de Vendas', 0, 6, 'GTV', 'LGM020'),
(114, 'Marketing Internacional', 0, 6, 'MI', 'LGM017'),
(115, 'Web Marketing e Comercio Eletronico ', 0, 6, 'WMCE', 'LGM018'),
(116, 'Comunicacao Visual e Design Grafico', 0, 6, 'CVDG', 'LGM021'),
(117, 'Gestao de Marca', 0, 6, 'GM', 'LGM025'),
(118, 'Gestao de Recursos Humanos', 0, 6, 'GRH', 'LGM022'),
(119, 'Lideranca e Gestao de Mudanca', 0, 6, 'LGM', 'LGM023'),
(120, 'Marketing de Servicos', 0, 6, 'MS', 'LGM024'),
(121, 'Inovacao e Empreendorismo', 0, 6, 'IE', 'LGM028'),
(122, 'Projeto Aplicado ou Estagio', 0, 6, 'PAE', 'LGM026'),
(123, 'Simulacao de Gestao', 0, 6, 'SG', 'LGM027'),
(124, 'Marketing Analytics', 0, 6, 'MA', 'LGM030'),
(125, 'Marketing Business to Business', 0, 6, 'MBB', 'LGM029'),
(126, 'Competências Transversais', 0, 5, NULL, 'LGEBP142'),
(127, 'Contabilidade Financeira I', 0, 6, NULL, 'LGEBP106'),
(128, 'História Econômica e Empresarial', 0, 5, NULL, 'LGEBP140'),
(129, 'Introdução à Gestão', 0, 6, NULL, 'LGEBP102'),
(130, 'Introdução aos Métodos Quantitativos', 0, 5, NULL, 'LGEBP143'),
(131, 'Microeconomia', 0, 6, NULL, 'LGEBP103'),
(132, 'Iniciação à Matemática', 0, 0, NULL, 'LGEBP170'),
(133, 'Contabilidade Financeira II', 0, 6, NULL, 'LGEBP112'),
(134, 'Introdução ao Direito', 0, 5, NULL, 'LGEBP110'),
(135, 'Língua Inglesa', 0, 5, NULL, 'LGEBP144'),
(136, 'Macroeconomia', 0, 5, NULL, 'LGEBP109'),
(137, 'Matemática Aplicada à Gestão', 0, 6, NULL, 'LGEBP101'),
(138, 'Tecnologias e Sistemas de Informação', 0, 6, NULL, 'LGEBP145'),
(139, 'Análise Financeira', 0, 5, NULL, 'LGEBP114'),
(140, 'Cálculo Financeiro', 0, 6, NULL, 'LGEBP107'),
(141, 'Contabilidade de Gestão I', 0, 6, NULL, 'LGEBP181'),
(142, 'Direito das Empresas', 0, 5, NULL, 'LGEBP146'),
(143, 'Estatística Aplicada à Gestão', 0, 5, NULL, 'LGEBP148'),
(144, 'Marketing I', 0, 5, NULL, 'LGEBP147'),
(145, 'Análise de Dados para Gestão', 0, 6, NULL, 'LGEBP151'),
(146, 'Comércio e Investimento Internacional', 0, 5, NULL, 'LGEBP149'),
(147, 'Comportamento Organizacional', 0, 5, NULL, 'LGEBP127'),
(148, 'Gestão de Recursos Humanos', 0, 6, NULL, 'LGEBP123'),
(149, 'Gestão Financeira', 0, 5, NULL, 'LGEBP124'),
(150, 'Marketing II', 0, 5, NULL, 'LGEBP150'),
(151, 'Avaliação de Investimentos', 0, 5, NULL, 'LGEBP153'),
(152, 'Contabilidade de Gestão II', 0, 5, NULL, 'LGEBP139'),
(153, 'Empreendedorismo', 0, 6, NULL, 'LGEBP129'),
(154, 'Estudos de Mercado', 0, 5, NULL, 'LGEBP154'),
(155, 'Logística e Gestão de Operações', 0, 6, NULL, 'LGEBP152'),
(156, 'Estratégia Empresarial', 0, 5, NULL, 'LGEBP183'),
(157, 'Fiscalidade', 0, 6, NULL, 'LGEBP125'),
(158, 'Simulação Empresarial', 0, 5, NULL, 'LGEBP182'),
(159, 'Auditoria Financeira', 0, 5, NULL, 'LGEBP169'),
(160, 'Comunicação de Marketing', 0, 5, NULL, 'LGEBP160'),
(161, 'Direito do Trabalho', 0, 5, NULL, 'LGEBP155'),
(162, 'Gestão Comercial e Vendas', 0, 5, NULL, 'LGEBP161'),
(163, 'Gestão da Qualidade', 0, 5, NULL, 'LGEBP134'),
(164, 'Gestão de Conteúdos', 0, 5, NULL, 'LGEBP185'),
(165, 'Gestão de Produtos e Marcas', 0, 5, NULL, 'LGEBP162'),
(166, 'Gestão de Projetos', 0, 5, NULL, 'LGEBP189'),
(167, 'Gestão de Tesouraria', 0, 5, NULL, 'LGEBP137'),
(168, 'Inglês de Negócios', 0, 5, NULL, 'LGEBP121'),
(169, 'Instituições e Políticas Europeias', 0, 5, NULL, 'LGEBP157'),
(170, 'Marketing Internacional', 0, 5, NULL, 'LGEBP128'),
(171, 'Negócio Eletrônico', 0, 0, NULL, 'LGEBP186'),
(172, 'Planejamento e Controle de Gestão', 0, 5, NULL, 'LGEBP138'),
(173, 'Auditoria Financeira', 0, 5, NULL, 'LGEBP169'),
(174, 'Comunicação de Marketing', 0, 5, NULL, 'LGEBP160'),
(175, 'Direito do Trabalho', 0, 5, NULL, 'LGEBP155'),
(176, 'Gestão de Comercial e Vendas', 0, 5, NULL, 'LGEBP161'),
(177, 'Gestão da Qualidade', 0, 5, NULL, 'LGEBP134'),
(178, 'Gestão de Conteúdos', 0, 5, NULL, 'LGEBP185'),
(179, 'Gestão de Produtos e Marcas', 0, 5, NULL, 'LGEBP162'),
(180, 'Gestão de Projetos', 0, 5, NULL, 'LGEBP189'),
(181, 'Gestão de Tesouraria', 0, 5, NULL, 'LGEBP137'),
(182, 'Inglês de Negócios', 0, 5, NULL, 'LGEBP121'),
(183, 'Instituições e Políticas Europeias', 0, 5, NULL, 'LGEBP157'),
(184, 'Marketing Internacional', 0, 5, NULL, 'LGEBP128'),
(185, 'Planejamento e Controlo de Gestão', 0, 5, NULL, 'LGEBP138'),
(186, 'Estágio', 0, 11, NULL, 'LGEBP187'),
(187, 'Projeto Aplicado', 0, 11, NULL, 'LGEBP188'),
(188, 'Química', 0, 6, 'QUIM', 'LTE11102'),
(189, 'Mecânica', 0, 6, 'MEC', 'LTE11105'),
(190, 'Matemática I', 0, 6, 'MATI', 'LTE11101'),
(191, 'Materiais', 0, 6, 'MAT', 'LTE21111'),
(192, 'Introdução às Tecnologias de Energia', 0, 3, 'ITE', 'LTE11107'),
(193, 'Desenho Geral', 0, 3, 'DG', 'LTE11106'),
(194, 'Termodinâmica', 0, 6, 'TERM', 'LTE12110'),
(195, 'Equipamentos e Esquemas Elétricos', 0, 6, 'EEE', 'LTE12109'),
(196, 'Matemática II', 0, 6, 'MATII', 'LTE12106'),
(197, 'Mecânica dos Fluidos', 0, 6, 'MF', 'LTE21112'),
(198, 'Eletrotecnia Aplicada', 0, 6, 'EA', 'LTE12111'),
(199, 'Transmissão de Calor e Massa', 0, 6, 'TCM', 'LTE21114'),
(200, 'Eletrónica', 0, 6, 'ELET', 'LTE21113'),
(201, 'Aplicações de Matemática', 0, 6, 'AM', 'LTE21118'),
(202, 'Aquecimento e Energia Térmica Renovável', 0, 6, 'AETR', 'LTE21117'),
(203, 'Sistemas de Energia Elétrica Renovável', 0, 6, 'SEER', 'LTE21116'),
(204, 'Controlo Industrial', 0, 6, 'CI', 'LTE22120'),
(205, 'Manutenção', 0, 6, 'MANU', 'LTE22117'),
(206, 'Instrumentação e Medida', 0, 6, 'IM', 'LTE31121'),
(207, 'Probabilidades e Estatística', 0, 6, 'PE', 'LTE22121'),
(208, 'Máquinas Elétricas', 0, 6, 'ME', 'LTE22122'),
(209, 'Qualidade, Ambiente e Segurança', 0, 6, 'QAS', 'LTE31123'),
(210, 'Automação', 0, 6, 'AUT', 'LTE31124'),
(211, 'Eletrónica de Potência', 0, 6, 'EP', 'LTE31125'),
(212, 'Climatização', 0, 6, 'CL', 'LTE31128'),
(213, 'Comportamento Organizacional e Gestão de Equipas', 0, 3, 'COGE', 'LTE31127'),
(214, 'Introdução à Gestão de Empresas', 0, 3, 'IGE', 'LTE31126'),
(215, 'Inovação e Empreendedorismo', 0, 3, 'IE', 'LTE32127'),
(216, 'Estágio', 0, 21, 'EST', 'LTE32129'),
(217, 'Auditorias e Gestão de Energia', 0, 6, 'AGE', 'LTE32128'),
(218, 'Contabilidade Financeira I', 0, 7.5, NULL, 'LCFB10101'),
(219, 'Gestão', 0, 4.5, NULL, 'LCFB10143'),
(220, 'Matemática Aplicada', 0, 4.5, NULL, 'LCFB10102'),
(221, 'Microeconomia', 0, 4.5, NULL, 'LCFB10109'),
(222, 'Noções Fundamentais de Direito', 0, 4.5, NULL, 'LCFB10144'),
(223, 'Tecnologias de Informação e Comunicação', 0, 4.5, NULL, 'LCFB10142'),
(224, 'Contabilidade Financeira II', 0, 7.5, NULL, 'LCFB10107'),
(225, 'Direito Fiscal', 0, 3, NULL, 'LCFB10103'),
(226, 'Estatística Aplicada', 0, 4.5, NULL, 'LCFB10154'),
(227, 'Fiscalidade Empresarial I', 0, 6, NULL, 'LCFB10111'),
(228, 'Inglês de Negócios', 0, 4.5, NULL, 'LCFB10155'),
(229, 'Macroeconomia', 0, 4.5, NULL, 'LCFB10116'),
(230, 'Análise de Dados', 0, 4.5, NULL, 'LCFB10156'),
(231, 'Cálculo Financeiro', 0, 6, NULL, 'LCFB10118'),
(232, 'Contabilidade de Gestão I', 0, 7.5, NULL, 'LCFB10113'),
(233, 'Direito Comercial', 0, 6, NULL, 'LCFB10110'),
(234, 'Fiscalidade Empresarial II', 0, 6, NULL, 'LCFB10115'),
(235, 'Análise e Gestão Financeira', 0, 6, NULL, 'LCFB10148'),
(236, 'Contabilidade de Gestão II', 0, 6, NULL, 'LCFB10119'),
(237, 'Contabilidade Pública', 0, 6, NULL, 'LCFB10129'),
(238, 'Controlo Interno', 0, 4.5, NULL, 'LCFB10122'),
(239, 'Fiscalidade Internacional', 0, 3, NULL, 'LCFB10121'),
(240, 'Gestão de Recursos Humanos', 0, 4.5, NULL, 'LCFB10123'),
(241, 'Análise de Projetos de Investimento', 0, 6, NULL, 'LCFB10150'),
(242, 'Auditoria Financeira', 0, 4.5, NULL, 'LCFB10127'),
(243, 'Contabilidade Financeira Avançada', 0, 6, NULL, 'LCFB10149'),
(244, 'Direito do Trabalho', 0, 4.5, NULL, 'LCFB10120'),
(245, 'Ética e Deontologia Profissional', 0, 3, NULL, 'LCFB10130'),
(246, 'Planeamento e Controlo de Gestão', 0, 6, NULL, 'LCFB10135'),
(247, 'Consolidação de Contas e Tributação', 0, 6, NULL, 'LCFB10158'),
(248, 'Relato Contabilístico e Sustentabilidade', 0, 4, NULL, 'LCFB10157'),
(249, 'Estágio Curricular', 0, 20, NULL, 'LCFB10133'),
(250, 'Simulação Empresarial', 0, 20, NULL, 'LCFB10132'),
(251, 'Aplicações de Física', 189, 7, 'AF', 'TGI01'),
(252, 'Introdução à Gestão', 108, 4, 'IG', 'TGI05'),
(253, 'Métodos Matemáticos I', 108, 4, 'MMI', 'TGI41 	'),
(254, 'Aplicações de Eletrotecnia', 189, 7, 'AE', 'TGI04'),
(255, 'Introdução à Economia', 108, 4, 'IE', 'TGI02'),
(256, 'Inglês Empresarial', 108, 4, 'IE', 'TGI08'),
(257, 'Introdução à Programação de Computadores', 108, 4, 'IPC', 'TGI09'),
(258, 'Processos Tecnológicos', 189, 7, 'PT', 'TGI07'),
(259, 'Métodos Matemáticos II', 108, 4, 'MMII', 'TGI42'),
(260, 'Marketing Empresarial', 108, 4, 'ME', 'TGI12'),
(261, 'Princípios de Finanças Empresariais', 189, 7, 'PFE', 'TGI10'),
(262, 'Métodos Matemáticos III', 108, 4, 'MMIII', 'TGI36'),
(263, 'Análise de Custos e Controlo de Gestão', 189, 7, 'ACCG', 'TGI13'),
(264, 'Desenho Industrial', 108, 4, 'DI', 'TGI11'),
(265, 'Estatística I', 108, 4, 'EST I', 'TGI37'),
(266, 'Sistemas de Informação', 189, 7, 'SI', 'TGI16'),
(267, 'Economia e Ambiente', 108, 4, 'EA', 'TGI17 	'),
(268, 'Logística e Gestão da Cadeia de Abastecimentos', 108, 4, 'LGCA', 'TGI15'),
(269, 'Tecnologias Ambientais', 108, 4, 'TA', 'TGI21'),
(270, 'Tecnologia Mecânica', 189, 7, 'TM', 'TGI19'),
(271, 'Comportamento Organizacional e Liderança', 108, 4, 'COL', 'TGI26'),
(272, 'Manutenção e Gestão de Equipamentos', 189, 7, 'MGE', 'TGI22'),
(273, 'Estatística II', 108, 4, 'EST II', 'TGI38'),
(274, 'Gestão de Energia na Indústria', 108, 4, 'GEI', 'TGI39'),
(275, 'Gestão e Desenvolvimento de Recursos Humanos', 108, 4, 'GDRH', 'TGI28'),
(276, 'Gestão da Produção e das Operações', 108, 4, 'GPO', 'TGI20'),
(277, 'Empreendedorismo e Criação de Empresas', 108, 4, 'ECE', 'TGI32'),
(278, 'Automação Industrial', 189, 7, 'AI', 'TGI31'),
(279, 'Inovação Tecnológica e Organizacional', 108, 4, 'ITO', 'TGI29'),
(280, 'Ética e Responsabilidade Social', 108, 4, 'ERS', 'TGI34'),
(281, 'Estágio/Projeto em Tecnologia e Gestão Industrial', 378, 14, 'EST', 'TGI43'),
(282, 'Qualidade e Segurança', 108, 4, 'QS', 'TGI30'),
(283, 'Direito Administrativo I', 0, 8, NULL, NULL),
(284, 'Direito Constitucional e da União Europeia', 0, 7, NULL, NULL),
(285, 'Desenvolvimento de Competências Pessoais', 106, 4, NULL, '1108'),
(286, 'Análise de Sistemas de Informação', 0, 7, NULL, NULL),
(287, 'Inglês Técnico', 0, 3, NULL, NULL),
(288, 'Gestão e Contabilidade Empresarial', 0, 5, NULL, NULL),
(289, 'Introdução à Programação', 0, 6, NULL, NULL),
(290, 'Noções de Gestão e de Sistemas de Informação', 0, 6, NULL, NULL),
(291, 'Sociologia do Trabalho e dos Processos de Gestão', 0, 3, NULL, NULL),
(292, 'Direito para os Negócios', 0, 3, NULL, NULL),
(293, 'Introdução ao Direito', 0, 8, NULL, NULL),
(294, 'Operações Financeiras', 0, 3.5, NULL, NULL),
(295, 'Técnicas de Estudo e Investigação em Solicitadoria', 0, 3.5, NULL, NULL),
(296, 'Direito Administrativo II', 0, 7, NULL, NULL),
(297, 'Direito Penal e Contraordenacional', 0, 5, NULL, NULL),
(298, 'Meios de Resolução de Litígios', 0, 5, NULL, NULL),
(299, 'Noções de Contabilidade e Relato Financeiro', 0, 5, NULL, NULL),
(300, 'Teoria Geral de Direito Civil', 0, 8, NULL, NULL),
(301, 'Fundamentos de Direito', 133, 5, NULL, '1107'),
(343, 'Contabilidade I', 0, 8, NULL, NULL),
(344, 'Introdução às Ciências Empresariais', 0, 3, NULL, NULL),
(345, 'Macroeconomia', 0, 5, NULL, NULL),
(346, 'Matemática Aplicada I', 0, 5, NULL, NULL),
(347, 'Noções Fundamentais de Direito', 0, 4, NULL, NULL),
(348, 'Técnicas e Operações Financeiras', 0, 5, NULL, NULL),
(349, 'Contabilidade II', 0, 8, NULL, NULL),
(350, 'Matemática Aplicada II', 0, 6, NULL, NULL),
(351, 'Microeconomia', 0, 7, NULL, NULL),
(352, 'Recursos Humanos', 0, 5, NULL, NULL),
(353, 'Contabilidade Setorial', 0, 4, NULL, NULL),
(354, 'Técnicas de Informação e Comunicação', 0, 4, NULL, NULL),
(355, 'Análise Financeira', 0, 6, NULL, NULL),
(356, 'Comércio e Negócio Internacional', 0, 4, NULL, NULL),
(357, 'Contabilidade Analítica I', 0, 7, NULL, NULL),
(358, 'Métodos Quantitativos I', 0, 5, NULL, NULL),
(359, 'Direito Fiscal', 0, 8, NULL, NULL),
(360, 'Economia Portuguesa e Europeia', 0, 5, NULL, NULL),
(361, 'Gestão da Qualidade e Gestão Ambiental', 0, 3, NULL, NULL),
(362, 'Fiscalidade', 0, 7, NULL, NULL),
(363, 'Marketing', 0, 5, NULL, NULL),
(364, 'Métodos Quantitativos II', 0, 5, NULL, NULL),
(365, 'Projetos de Investimento', 0, 6, NULL, NULL),
(366, 'Concepção e Gestão da Formação', 0, 3, NULL, NULL),
(367, 'Contabilidade das Sociedades', 0, 4, NULL, NULL),
(368, 'Procedimento e Processo Tributário', 0, 3, NULL, NULL),
(369, 'Psicossociologia do Trabalho', 0, 4, NULL, NULL),
(370, 'Economia da Empresa', 0, 5, NULL, NULL),
(371, 'Gestão da Produção e Logística', 0, 5, NULL, NULL),
(372, 'Gestão Estratégica', 0, 7, NULL, NULL),
(373, 'Simulação Empresarial I', 0, 9, NULL, NULL),
(374, 'Ética e Deontologia Profissional', 0, 2, NULL, NULL),
(375, 'Inglês Técnico', 0, 2, NULL, NULL),
(376, 'Sistemas de Informação Empresariais', 0, 4, NULL, NULL),
(377, 'Desenvolvimento Regional', 0, 5, NULL, NULL),
(378, 'Direito Comercial e do Trabalho', 0, 6, NULL, NULL),
(379, 'Finanças Empresariais', 0, 6, NULL, NULL),
(380, 'Contabilidade Analítica II', 0, 7, NULL, NULL),
(381, 'Economia e Gestão da Inovação', 0, 6, NULL, NULL),
(382, 'Projeto de Iniciação à Investigação em Ciências Empresariais', 0, 7, NULL, NULL),
(383, 'Simulação Empresarial II', 0, 6, NULL, NULL),
(384, 'Economia', 0, 8, NULL, NULL),
(385, 'Introdução à Gestão Industrial', 0, 6, NULL, NULL),
(386, 'Linguagens de Programação', 0, 5, NULL, NULL),
(387, 'Matemática Computacional e Aplicações', 0, 6, NULL, NULL),
(388, 'Noções de Contabilidade Financeira', 0, 5, NULL, NULL),
(389, 'Estatística', 0, 7, NULL, NULL),
(390, 'Estratégia de Operações', 0, 7, NULL, NULL),
(391, 'Gestão Comercial', 0, 5, NULL, NULL),
(392, 'Marketing', 0, 6, NULL, NULL),
(393, 'Sistemas de Gestão de Bases de Dados', 0, 5, NULL, NULL),
(394, 'Comércio e Negócio Internacional', 0, 4, NULL, NULL),
(395, 'Contabilidade Analítica I', 0, 7, NULL, NULL),
(396, 'Gestão de Operações I', 0, 7, NULL, NULL),
(397, 'Investigação Operacional I', 0, 6, NULL, NULL),
(398, 'Métodos Quantitativos de Apoio à Decisão', 0, 6, NULL, NULL),
(399, 'Contabilidade Analítica II', 0, 7, NULL, NULL),
(400, 'Gestão de Operações II', 0, 7, NULL, NULL),
(401, 'Gestão de Recursos Humanos', 0, 3, NULL, NULL),
(402, 'Investigação Operacional II', 0, 6, NULL, NULL),
(403, 'Logística I', 0, 7, NULL, NULL),
(404, 'Direito Empresarial e dos Transportes', 0, 4, NULL, NULL),
(405, 'Gestão de Processos de Negócio', 0, 6, NULL, NULL),
(406, 'Logística II', 0, 7, NULL, NULL),
(407, 'Qualidade, Ambiente e Segurança no Trabalho', 0, 7, NULL, NULL),
(408, 'Sistemas de Informação', 0, 6, NULL, NULL),
(409, 'Estágio/Projeto em Gestão Industrial e Logística', 0, 22, NULL, NULL),
(410, 'Gestão de Projetos', 0, 5, NULL, NULL),
(411, 'Inglês', 0, 3, NULL, NULL),
(412, 'Direito da Família', 0, 5, NULL, NULL),
(413, 'Direito Comercial', 0, 4.5, NULL, NULL),
(414, 'Direito das Obrigações', 0, 7, NULL, NULL),
(415, 'Direito e Processo do Trabalho', 0, 5.5, NULL, NULL),
(416, 'Direito Processual Civil Declarativo', 0, 8, NULL, NULL),
(417, 'Direito das Sucessões', 0, 6, NULL, NULL),
(418, 'Direito do Consumo', 0, 3, NULL, NULL),
(419, 'Direito do Urbanismo', 0, 4.5, NULL, NULL),
(420, 'Direito Processual Civil Executivo', 0, 6.5, NULL, NULL),
(421, 'Direitos Reais', 0, 4.5, NULL, NULL),
(422, 'Sociedades Comerciais', 0, 5.5, NULL, NULL),
(423, 'Contabilidade I', 0, 8, NULL, NULL),
(424, 'Introdução às Ciências Empresariais', 0, 3, NULL, NULL),
(425, 'Macroeconomia', 0, 5, NULL, NULL),
(426, 'Matemática Aplicada I', 0, 5, NULL, NULL),
(427, 'Noções Fundamentais de Direito', 0, 4, NULL, NULL),
(428, 'Técnicas e Operações Financeiras', 0, 5, NULL, NULL),
(429, 'Contabilidade II', 0, 8, NULL, NULL),
(430, 'Matemática Aplicada II', 0, 6, NULL, NULL),
(431, 'Microeconomia', 0, 7, NULL, NULL),
(432, 'Recursos Humanos', 0, 5, NULL, NULL),
(433, 'Contabilidade Setorial (opcional)', 0, 4, NULL, NULL),
(434, 'Ética e Deontologia Profissional (R) - Opção I (opcional)', 0, 4, NULL, NULL),
(435, 'Técnicas de Informação e Comunicação (opcional)', 0, 4, NULL, NULL),
(436, 'Análise Financeira', 0, 6, NULL, NULL),
(437, 'Comércio e Negócio Internacional', 0, 4, NULL, NULL),
(438, 'Contabilidade Analítica I', 0, 7, NULL, NULL),
(439, 'Métodos Quantitativos I', 0, 5, NULL, NULL),
(440, 'Direito Fiscal (opcional)', 0, 8, NULL, NULL),
(441, 'Economia Portuguesa e Europeia (opcional)', 0, 5, NULL, NULL),
(442, 'Gestão da Qualidade e Gestão Ambiental (opcional)', 0, 3, NULL, NULL),
(443, 'Fiscalidade', 0, 7, NULL, NULL),
(444, 'Marketing', 0, 5, NULL, NULL),
(445, 'Métodos Quantitativos II', 0, 5, NULL, NULL),
(446, 'Projetos de Investimento', 0, 6, NULL, NULL),
(447, 'Concepção e Gestão da Formação (opcional)', 0, 3, NULL, NULL),
(448, 'Contabilidade das Sociedades_ (opcional)', 0, 4, NULL, NULL),
(449, 'Procedimento e Processo Tributário (opcional)', 0, 3, NULL, NULL),
(450, 'Psicossociologia do Trabalho (opcional)', 0, 4, NULL, NULL),
(451, 'Economia da Empresa', 0, 5, NULL, NULL),
(452, 'Gestão da Produção e Logística', 0, 5, NULL, NULL),
(453, 'Gestão Estratégica', 0, 7, NULL, NULL),
(454, 'Simulação Empresarial I', 0, 9, NULL, NULL),
(455, 'Ética e Deontologia Profissional (opcional)', 0, 2, NULL, NULL),
(456, 'Inglês Técnico (opcional)', 0, 2, NULL, NULL),
(457, 'Sistemas de Informação Empresariais (opcional)', 0, 4, NULL, NULL),
(458, 'Desenvolvimento Regional', 0, 5, NULL, NULL),
(459, 'Direito Comercial e do Trabalho', 0, 6, NULL, NULL),
(460, 'Finanças Empresariais', 0, 6, NULL, NULL),
(461, 'Contabilidade Analítica II (opcional)', 0, 7, NULL, NULL),
(462, 'Economia e Gestão da Inovação (opcional)', 0, 6, NULL, NULL),
(463, 'Projeto de Iniciação à Investigação em Ciências Empresariais (opcional)', 0, 7, NULL, NULL),
(464, 'Simulação Empresarial II (opcional)', 0, 6, NULL, NULL),
(465, 'Álgebra Linear e Geometria Analítica', 0, 6, NULL, NULL),
(466, 'Ética e Legislação Informática', 0, 2, NULL, NULL),
(467, 'Fundamentos da Programação', 0, 7, NULL, NULL),
(468, 'Inglês Técnico', 0, 3, NULL, NULL),
(469, 'Introdução aos Sistemas Computacionais', 0, 5, NULL, NULL),
(470, 'Laboratório de Programação', 0, 7, NULL, NULL),
(471, 'Matemática Discreta', 0, 6, NULL, NULL),
(472, 'Paradigmas de Programação', 0, 7, NULL, NULL),
(473, 'Redes de Computadores I', 0, 6, NULL, NULL),
(474, 'Segurança Informática', 0, 7, NULL, NULL),
(475, 'Sistemas Digitais e Arquitetura de Computadores', 0, 4, NULL, NULL),
(476, 'Análise Forense Digital', 0, 6, NULL, NULL),
(477, 'Estruturas de Dados', 0, 7, NULL, NULL),
(478, 'Processamento Estruturado de Informação', 0, 5, NULL, NULL),
(479, 'Redes de Computadores II', 0, 7, NULL, NULL),
(480, 'Sistemas Operativos', 0, 5, NULL, NULL),
(481, 'Bases de Dados', 0, 6, NULL, NULL),
(482, 'Criptografia Aplicada', 0, 5, NULL, NULL),
(483, 'Programação em Ambiente Web', 0, 7, NULL, NULL),
(484, 'Projeção e Planeamento de Redes', 0, 6, NULL, NULL),
(485, 'Segurança de Redes', 0, 6, NULL, NULL),
(486, 'Administração de Sistemas Informáticos', 0, 5, NULL, NULL),
(487, 'Sistemas Críticos', 0, 6, NULL, NULL),
(488, 'Sistemas de Gestão de Segurança da Informação', 0, 6, NULL, NULL),
(489, 'Sistemas Distribuídos', 0, 6, NULL, NULL),
(490, 'Testes de Penetração e Hacking Ético', 0, 7, NULL, NULL),
(491, 'Auditoria Informática', 0, 6, NULL, NULL),
(492, 'Programação Segura', 0, 5, NULL, NULL),
(493, 'Projeto Final', 0, 16, NULL, NULL),
(494, 'Noções de Gestão', 0, 3, NULL, NULL),
(495, 'Arrendamento e Condomínio', 0, 4.5, NULL, NULL),
(496, 'Direito dos Contratos', 0, 5.5, NULL, NULL),
(497, 'Direito Fiscal I', 0, 4.5, NULL, NULL),
(498, 'Prática Forense e Custas Processuais', 0, 3, NULL, NULL),
(499, 'Processo de Inventário', 0, 5, NULL, NULL),
(500, 'Registos e Notariado I', 0, 7.5, NULL, NULL),
(501, 'Direito da Insolvência', 0, 3, NULL, NULL),
(502, 'Direito Fiscal II', 0, 6, NULL, NULL),
(503, 'Ética e Deontologia Profissional', 0, 3, NULL, NULL),
(504, 'Registos e Notariado II', 0, 6, NULL, NULL),
(505, 'Simulação Jurídica', 0, 12, NULL, NULL),
(506, 'Gestão das Operações', 0, 5, NULL, NULL),
(507, 'Matemática Computacional', 0, 5, NULL, NULL),
(508, 'Noções de Redes e Comunicação de Dados', 0, 5, NULL, NULL),
(509, 'Programação Orientada a Objetos', 0, 6, NULL, NULL),
(510, 'Sistemas de Gestão de Bases de Dados I', 0, 6, NULL, NULL),
(511, 'Estruturação e Organização da Informação', 0, 5, NULL, NULL),
(512, 'Gestão de Processos de Negócio', 0, 6, NULL, NULL),
(513, 'Investigação Operacional', 0, 5, NULL, NULL),
(514, 'Economia e Sociedade', 133, 5, NULL, '1178'),
(515, 'Direito Administrativo I', 0, 8, NULL, NULL),
(516, 'Direito Constitucional e da União Europeia', 0, 7, NULL, NULL),
(517, 'Introdução ao Direito', 0, 8, NULL, NULL),
(518, 'Operações Financeiras', 0, 3.5, NULL, NULL),
(519, 'Técnicas de Estudo e Investigação em Solicitadoria', 0, 3.5, NULL, NULL),
(520, 'Direito Administrativo II', 0, 7, NULL, NULL),
(521, 'Direito Penal e Contraordenacional', 0, 5, NULL, NULL),
(522, 'Meios de Resolução de Litígios', 0, 5, NULL, NULL),
(523, 'Noções de Contabilidade e Relato Financeiro', 0, 5, NULL, NULL),
(524, 'Teoria Geral de Direito Civil', 0, 8, NULL, NULL),
(525, 'Direito Comercial', 0, 4.5, NULL, NULL),
(526, 'Direito da Família', 0, 5, NULL, NULL),
(527, 'Direito das Obrigações', 0, 7, NULL, NULL),
(528, 'Direito e Processo do Trabalho', 0, 5.5, NULL, NULL),
(529, 'Direito Processual Civil Declarativo', 0, 8, NULL, NULL),
(530, 'Direito das Sucessões', 0, 6, NULL, NULL),
(531, 'Direito do Consumo', 0, 3, NULL, NULL),
(532, 'Direito do Urbanismo', 0, 4.5, NULL, NULL),
(533, 'Direito Processual Civil Executivo', 0, 6.5, NULL, NULL),
(534, 'Direitos Reais', 0, 4.5, NULL, NULL),
(535, 'Sociedades Comerciais', 0, 5.5, NULL, NULL),
(536, 'Arrendamento e Condomínio', 0, 4.5, NULL, NULL),
(537, 'Direito dos Contratos', 0, 5.5, NULL, NULL),
(538, 'Direito Fiscal I', 0, 4.5, NULL, NULL),
(539, 'Prática Forense e Custas Processuais', 0, 3, NULL, NULL),
(540, 'Processo de Inventário', 0, 5, NULL, NULL),
(541, 'Registos e Notariado I', 0, 7.5, NULL, NULL),
(542, 'Direito da Insolvência', 0, 3, NULL, NULL),
(543, 'Direito Fiscal II', 0, 6, NULL, NULL),
(544, 'Ética e Deontologia Profissional', 0, 3, NULL, NULL),
(545, 'Registos e Notariado II', 0, 6, NULL, NULL),
(546, 'Simulação Jurídica', 0, 12, NULL, NULL),
(547, 'Gestão das Organizações', 133, 5, NULL, '789'),
(548, 'Introdução à Contabilidade', 159, 6, NULL, '1121'),
(549, 'Matemática', 133, 5, NULL, '84'),
(550, 'Microeconomia', 133, 5, NULL, '1105'),
(551, 'Cálculo Financeiro', 159, 6, NULL, '40'),
(552, 'Contabilidade Financeira I', 186, 7, NULL, '1119'),
(553, 'Direito Empresarial', 159, 6, NULL, '977'),
(554, 'Estatística Aplicada à Gestão', 159, 6, NULL, '1109'),
(555, 'Macroeconomia', 133, 5, NULL, '1106'),
(556, 'Contabilidade de Gestão I', 159, 6, NULL, '692'),
(557, 'Contabilidade Financeira II', 186, 7, NULL, '1120'),
(558, 'Direito Laboral', 159, 6, NULL, '580'),
(559, 'Fiscalidade de Empresa I', 159, 6, NULL, '263'),
(560, 'Marketing', 133, 5, NULL, '159'),
(561, 'Análise Financeira', 159, 6, NULL, '673'),
(562, 'Contabilidade das Sociedades', 186, 7, NULL, '706'),
(563, 'Contabilidade de Gestão II', 159, 6, NULL, '693'),
(564, 'Fiscalidade de Empresa II', 186, 7, NULL, '265'),
(565, 'Aplicações Sectoriais de Contabilidade', 106, 4, NULL, '1104'),
(566, 'Contabilidade Pública', 106, 4, NULL, '256'),
(567, 'Complementos de Fiscalidade', 186, 7, NULL, '1111'),
(568, 'Controlo de Gestão', 159, 6, NULL, '746'),
(569, 'Gestão Financeira', 159, 6, NULL, '257'),
(570, 'Inglês Técnico', 106, 4, NULL, '807'),
(571, 'Sistemas de Informação Contabilísticos', 186, 7, NULL, '1110'),
(572, 'Auditoria', 159, 6, NULL, '258'),
(573, 'Ética e Deontologia', 106, 4, NULL, '1112'),
(574, 'Simulação Empresarial', 530, 20, NULL, '700'),
(575, 'Ciência dos Materiais I', 172, 6.5, NULL, '1230'),
(576, 'Desenho Técnico', 185, 7, NULL, '19'),
(577, 'Métodos Matemáticos', 159, 6, NULL, '1231'),
(578, 'Tecnologias de Informação', 159, 6, NULL, '934'),
(579, 'Teoria do Design', 132, 5, NULL, '762'),
(580, 'Ciência dos Materiais II', 159, 6, NULL, '1233'),
(581, 'Desenho I', 159, 6, NULL, '1236'),
(582, 'História do Mobiliário', 132, 5, NULL, '1235'),
(583, 'Mecânica dos Materiais', 159, 6, NULL, '1232'),
(584, 'Tecnologia dos Materiais Lenhocelulósicos', 172, 6.5, NULL, '1234'),
(585, 'Desenho II', 185, 7, NULL, '1237'),
(586, 'Equipamentos, Operações e Processos I', 159, 6, NULL, '1240'),
(587, 'Laboratórios de Tecnologia do Mobiliário I', 132, 5, NULL, '1241'),
(588, 'Metodologias de Design', 159, 6, NULL, ' 1239'),
(589, 'Tecnologia dos Materiais Compósitos', 159, 6, NULL, '1238'),
(590, 'Design de Produto', 159, 6, NULL, '1243'),
(591, 'Equipamentos, Operações e Processos II', 159, 6, NULL, '1244'),
(592, 'Estruturas e Componentes', 159, 6, NULL, '1242'),
(593, 'Laboratórios de Tecnologia do Mobiliário II', 132, 5, NULL, '1245'),
(594, 'Projeto de Mobiliário I', 185, 7, NULL, '1246'),
(595, 'Engenharia de Produto', 159, 6, NULL, '1250'),
(596, 'Marketing', 132, 5, NULL, '159'),
(597, 'Materiais Auxiliares', 159, 6, NULL, '1248'),
(598, 'Projeto de Mobiliário II', 185, 7, NULL, '1247'),
(599, 'Tecnologia dos Acabamentos', 159, 6, NULL, '1249'),
(600, 'Ecodesign', 159, 6, NULL, '1251'),
(601, 'Inovação, Empreendedorismo e Projetos', 132, 5, NULL, '1252'),
(602, 'Logística e Operações', 132, 5, NULL, '1192'),
(603, 'Projeto Industrial', 371, 14, NULL, '727'),
(604, 'Logística', NULL, 5, NULL, NULL),
(605, 'Qualidade de Software', NULL, 4, NULL, NULL),
(606, 'Sistemas de Gestão de Bases de Dados II', NULL, 5, NULL, NULL),
(607, 'Gestão de Projetos de Sistemas de Informação', NULL, 5, NULL, NULL),
(608, 'Interação Homem-Computador', NULL, 5, NULL, NULL),
(609, 'Marketing Empresarial', NULL, 5, NULL, NULL),
(610, 'Projeto de Desenvolvimento de Software', NULL, 7, NULL, NULL),
(611, 'Projeto Integrado', NULL, 4, NULL, NULL),
(612, 'Técnicas de Extração de Informação', NULL, 5, NULL, NULL),
(613, 'Arquitetura de Sistemas de Informação', NULL, 5, NULL, NULL),
(614, 'Desenvolvimento de Competências Pessoais e Organizacionais', NULL, 3, NULL, NULL),
(615, 'Gestão e Técnicas Comerciais', NULL, 4, NULL, NULL),
(616, 'Inovação e Estratégia Empresarial', NULL, 5, NULL, NULL),
(617, 'Métodos e Técnicas de Análise de Dados', NULL, 6, NULL, NULL),
(618, 'Sistemas de Informação para Gestão Empresarial', NULL, 7, NULL, NULL),
(619, 'Estágio/Projeto', NULL, 30, NULL, NULL),
(620, 'Sistemas de Gestão de Bases de Dados I', NULL, 6, NULL, NULL),
(621, 'Contabilidade Financeira I', 159, 6, NULL, '1119'),
(622, 'Introdução à Gestão', 132, 5, NULL, '446'),
(623, 'Matemática I', 132, 5, NULL, '16'),
(624, 'Microeconomia', 132, 5, NULL, '1105'),
(625, 'Noções Fundamentais de Direito', 132, 5, NULL, '38'),
(626, 'Tecnologias de Informação e Gestão', 106, 4, NULL, '1555'),
(627, 'Contabilidade Financeira II', 159, 6, NULL, '1120'),
(628, 'Direito de Empresa', 132, 5, NULL, '684'),
(629, 'Economia de Empresa', 132, 5, NULL, '683'),
(630, 'Empreendedorismo', 106, 4, NULL, '1174'),
(631, 'Macroeconomia', 132, 5, NULL, '1106'),
(632, 'Matemática II', 132, 5, NULL, '22'),
(633, 'Cálculo Financeiro', 132, 5, NULL, '40'),
(634, 'Contabilidade de Gestão I', 132, 5, NULL, '692'),
(635, 'Estatística', 132, 5, NULL, '8'),
(636, 'Estratégia Empresarial', 132, 5, NULL, '154'),
(637, 'Marketing', 132, 5, NULL, '159'),
(638, 'Gestão das Operações', 132, 5, NULL, '574'),
(639, 'Complementos de Contabilidade Financeira', 132, 5, NULL, '1329'),
(640, 'Análise Financeira', 132, 0.5, NULL, '673'),
(641, 'Contabilidade de Gestão II', 132, 5, NULL, '693'),
(642, 'Gestão de Recursos Humanos', 132, 5, NULL, '160'),
(643, 'Comportamento do Consumidor', 132, 5, NULL, '458'),
(644, 'Fiscalidade I (Ramo Organização e Gestão)', 132, 5, NULL, '1595'),
(645, 'Investigação Operacional', 132, 5, NULL, '157'),
(646, 'Contabilidade Pública', 132, 5, NULL, '256'),
(647, 'Fiscalidade I (Ramo Contabilidade e Fiscalidade)', 132, 5, NULL, '1596'),
(648, 'Relato Financeiro', 132, 5, NULL, '1169'),
(649, 'Direito do Trabalho', 132, 5, NULL, '41'),
(650, 'Gestão Financeira', 132, 5, NULL, '257'),
(651, 'Sistemas de Controlo de Gestão', 132, 5, NULL, '467'),
(652, 'e-Business', 132, 5, NULL, '1571'),
(653, 'Estudos de Mercado', 132, 5, NULL, '369'),
(654, 'Negócios Internacionais', 132, 5, NULL, '1170'),
(655, 'Ética e Deontologia', 106, 4, NULL, '1112'),
(656, 'Fiscalidade II', 159, 6, NULL, '695'),
(657, 'Sistemas de Informação Contabilísticos', 132, 5, NULL, '1110'),
(658, 'Comunicação e Negociação Empresarial', 132, 5, NULL, '1171'),
(659, 'Estágio', 530, 20, NULL, '185'),
(660, 'Projeto', 397, 15, NULL, '179'),
(661, 'Simulação Empresarial', 132, 5, NULL, '700'),
(662, 'Liderança', 132, 5, NULL, '1573'),
(663, 'Pensamentos Contemporâneos da Gestão', 132, 5, NULL, '1572'),
(664, 'Auditoria Financeira', 132, 5, NULL, '978'),
(665, 'Complementos de Fiscalidade', 132, 5, NULL, '1111'),
(666, 'Economia e Sociedade', 132, 5, NULL, '1178'),
(667, 'Inglês de Negócios I', 106, 4, NULL, '1177'),
(668, 'Introdução à Empresa', 132, 5, NULL, '1176'),
(669, 'Introdução ao Marketing', 159, 6, NULL, '71'),
(670, 'Matemática Aplicada ao Marketing', 159, 6, NULL, '1179'),
(671, 'Sistemas de Informação para Gestão', 106, 4, NULL, '364'),
(672, 'Comportamento do Consumidor', 159, 6, NULL, '458'),
(673, 'Direito Aplicado ao Marketing', 106, 4, NULL, '1283'),
(674, 'Estatística Aplicada ao Marketing', 132, 5, NULL, '1053'),
(675, 'Força de Vendas e Negociação Comercial', 159, 6, NULL, '1194'),
(676, 'Inglês de Negócios II', 106, 4, NULL, '1180'),
(677, 'Noções Básicas de Contabilidade', 132, 5, NULL, '1181'),
(678, 'Advances in Marketing', 106, 4, NULL, '1185'),
(679, 'Comunicação', 132, 5, NULL, '371'),
(680, 'Criatividade e Inovação', 106, 4, NULL, '1183'),
(681, 'Desenho e Modelação', 159, 6, NULL, '1184'),
(682, 'Marketing de Serviços', 132, 5, NULL, '597'),
(683, 'Produção Multimédia I', 159, 6, NULL, '1190'),
(684, 'Branding', 106, 4, NULL, '1186'),
(685, 'Distribuição e Merchandising', 132, 5, NULL, '1188'),
(686, 'Gestão da Produção e Materiais', 159, 6, NULL, '1612'),
(687, 'Gestão Logística e Operacional', 106, 4, NULL, '1613'),
(688, 'Produção Multimédia II', 159, 6, NULL, '1191'),
(689, 'Publicidade', 132, 5, NULL, '1187'),
(690, 'Empreendedorismo', 106, 4, NULL, '1174'),
(691, 'Estudos de Mercado', 159, 6, NULL, '369'),
(692, 'Marketing Digital', 159, 6, NULL, '1523'),
(693, 'Marketing Sensorial', 132, 5, NULL, '1193'),
(694, 'Negócios Internacionais', 132, 5, NULL, '1170'),
(695, 'Marketing de Eventos', 106, 4, NULL, '1196'),
(696, 'Marketing Sectorial', 106, 4, NULL, '1197'),
(697, 'Decisões de Investimento e Financiamento', 106, 4, NULL, '1195'),
(698, 'Estratégia Empresarial', 106, 4, NULL, '154'),
(699, 'Gestão da Qualidade e Certificação', 106, 4, NULL, '1611'),
(700, 'Estágio', 344, 13, NULL, '185'),
(701, 'Projeto', 344, 13, NULL, '179'),
(702, 'Recursos Humanos', 132, 5, NULL, '943'),
(703, 'Espanhol I', 106, 4, 'ESPI', '648'),
(704, 'Inglês I', 159, 6, 'INGI', '15'),
(705, 'Introdução à Empresa', 133, 5, 'INTE', '1176'),
(706, 'Língua e Cultura Portuguesa', 106, 4, 'LCP', '634'),
(707, 'Métodos Quantitativos Aplicados ao Turismo', 133, 5, 'MQAT', '1198'),
(708, 'Princípios Gerais de Turismo', 159, 6, 'PGT', '461'),
(709, 'Direito do Turismo', 159, 6, 'DT', '1200'),
(710, 'Economia do Turismo', 133, 5, 'ET', '1199'),
(711, 'Espanhol II', 106, 4, 'ESPII', '649'),
(712, 'Gestão Contabilística e Financeira', 133, 5, 'GCF', '1557'),
(713, 'História da Arte e da Cultura', 106, 4, 'HAC', '635'),
(714, 'Inglês II', 159, 6, 'INGII', '21'),
(715, 'Francês I', 106, 4, 'FRANI', '650'),
(716, 'Inglês III', 159, 6, 'INGIII', '376'),
(717, 'Introdução ao Marketing', 133, 5, 'IMKT', '71'),
(718, 'Operações Turísticas', 159, 6, 'OPT', '591'),
(719, 'Sociologia do Turismo', 133, 5, 'SGT', '462'),
(720, 'Turismo e Património', 106, 4, 'TEP', '652'),
(721, 'Aplicações Informáticas em Turismo', 133, 5, 'AIT', '638'),
(722, 'Francês II', 106, 4, 'FRANII', '651'),
(723, 'Geografia e Itinerários Turísticos', 133, 5, 'GEIT', '606'),
(724, 'Inglês IV', 133, 5, 'INGIV', '593'),
(725, 'Marketing Turístico', 159, 6, 'MKTT', '602'),
(726, 'Produtos Turísticos', 133, 5, 'PDTT', '637'),
(727, 'Animação Turística', 159, 6, 'AT', '647'),
(728, 'Francês III', 133, 5, 'FRANIII', '1558'),
(729, 'Gestão de Recursos Humanos', 106, 4, 'GRH', '160'),
(730, 'Inglês V', 133, 5, 'INGV', '598'),
(731, 'Enoturismo', 106, 4, 'ENOT', '653'),
(732, 'Turismo Internacional', 106, 4, 'TURI', '655'),
(733, 'Organização e Gestão de Eventos', 159, 6, 'OGE', '646'),
(734, 'Gestão Hoteleira e Restauração', 159, 6, 'GHR', '465'),
(735, 'Turismo em Espaço Rural', 106, 4, 'TER', '654'),
(736, 'Turismo Gastronómico', 106, 4, 'TG', '1556'),
(737, 'Estágio', 318, 12, 'TG', '185'),
(738, 'Projeto e Empreendedorismo', 318, 12, 'PE', '676'),
(739, 'Planeamento e Ordenamento em Turismo', 106, 4, 'POT', '1204'),
(740, 'Turismo de Saúde e Bem-Estar', 106, 4, 'TSBE', '1203'),
(741, 'Criatividade e Comunicação Multimédia', 133, 5, NULL, '1526'),
(742, 'Desenho e Representação', 106, 4, NULL, '1528'),
(743, 'Design Multimédia', 172, 6.5, NULL, '1527'),
(744, 'Fundamentos Multimédia', 133, 5, NULL, '1525'),
(745, 'Programação e Resolução de Problemas', 159, 6, NULL, '1524'),
(746, 'Psicologia da Perceção', 93, 3.5, NULL, '758'),
(747, 'Composição e Fotografia', 146, 5.5, NULL, '1530'),
(748, 'Design de Identidade', 133, 5, NULL, '1532'),
(749, 'Design de Interação I', 146, 5.5, NULL, '1531'),
(756, 'Fundamentos Matemáticos', 93, 3.5, NULL, '1529'),
(757, 'Programação e Estruturas de Dados', 146, 5.5, NULL, '1533'),
(758, 'Projeto Integrado I', 133, 5, NULL, '1534'),
(759, 'Aplicações para a Internet I', 146, 5.5, NULL, '1480'),
(760, 'Conteúdos Audiovisuais I', 146, 5.5, NULL, '1536'),
(761, 'Design de Interação II', 133, 5, NULL, '1537'),
(762, 'Introdução às Redes e Serviços de Comunicação', 119, 4.5, NULL, '1535'),
(763, 'Programação Orientada a Objetos', 119, 4.5, NULL, '1538'),
(764, 'Projeto Integrado II', 133, 5, NULL, '1539'),
(765, 'Animação', 119, 4.5, NULL, '1541'),
(766, 'Aplicações para a Internet II', 146, 5.5, NULL, '1490'),
(767, 'Bases de Dados', 119, 4.5, NULL, '1372'),
(768, 'Conteúdos Audiovisuais II', 119, 4.5, NULL, '1542'),
(769, 'Conteúdos Interativos', 159, 6, NULL, '1540'),
(770, 'Projeto Integrado III', 133, 5, NULL, '1543'),
(771, 'Aplicações de Base de Dados', 146, 5.5, NULL, '1544'),
(772, 'Aplicações para a Internet III', 146, 5.5, NULL, '1545'),
(773, 'Aplicações para Dispositivos Móveis', 172, 6.5, NULL, '1546'),
(774, 'Computação Gráfica', 146, 5.5, NULL, '415'),
(775, 'Projeto Integrado IV', 186, 7, NULL, '1547'),
(776, 'Aplicações Avançadas Multimédia', 133, 5, NULL, '1549'),
(777, 'Desenvolvimento de jogos', 172, 6.5, NULL, '1548'),
(778, 'Marketing Digital', 93, 3.5, NULL, '1523'),
(779, 'Projeto', 398, 15, NULL, '179'),
(780, 'Cálculo I', 0, 6, NULL, NULL),
(781, 'Desenho Técnico', 0, 5, NULL, NULL),
(782, 'Física', 0, 6, NULL, NULL),
(783, 'Fundamentos de Química', 0, 6, NULL, NULL),
(784, 'Gestão das Organizações', 0, 4, NULL, NULL),
(785, 'Metodologias de Apresentação e Estudo', 0, 3, NULL, NULL),
(786, 'Anatomofisiologia e Toxicologia', 0, 5, NULL, NULL),
(787, 'Cálculo II', 0, 6, NULL, NULL),
(788, 'Eletricidade', 0, 5, NULL, NULL),
(789, 'Estatística Aplicada', 0, 6, NULL, NULL),
(790, 'Fundamentos de Segurança e Higine do Trabalho', 0, 4, NULL, NULL),
(791, 'Psicossociologia do Trabalho', 0, 4, NULL, NULL),
(792, 'Ambiente I', 0, 4, NULL, NULL),
(793, 'Ergonomia', 0, 6, NULL, NULL),
(794, 'Higiene do Trabalho I', 0, 6, NULL, NULL),
(795, 'Normas e Legislação de Segurança e Saúde do trabalho', 0, 4, NULL, NULL),
(796, 'Segurança com Agentes Químicos Perigosos', 0, 5, NULL, NULL),
(797, 'Segurança do Trabalho', 0, 5, NULL, NULL),
(798, 'Ambiente II', 0, 4, NULL, NULL),
(799, 'Higiene do Trabalho II', 0, 6, NULL, NULL),
(800, 'Segurança Contra Incêndios', 0, 6, NULL, NULL),
(801, 'Segurança de Máquinas e Equipamentos, 0', 0, 5, NULL, NULL),
(802, 'Técnicas de Informação e Comunicação', 0, 5, NULL, NULL),
(803, 'Avaliação e Controlo de Riscos', 0, 7, NULL, NULL),
(804, 'Gestão da Prevenção e Organização da Emergência', 0, 7, NULL, NULL),
(805, 'Saúde Ocupacional e Primeiros Socorros', 0, 6, NULL, NULL),
(806, 'Segurança na Construção', 0, 6, NULL, NULL),
(807, 'Sistema de Gestão da Qualidade', 0, 4, NULL, NULL),
(808, 'Conceção e Gestão da Formação', 0, 4, NULL, NULL),
(809, 'Ética e Deontologia', 0, 2, NULL, NULL),
(810, 'Projeto Final', 0, 16, NULL, NULL),
(811, 'Sistema De Gestão Ambiental 2º Semestre', 0, 4, NULL, NULL),
(812, 'Sistemas de Gestão da Segurança e Saúde do Trabalho', 0, 4, NULL, NULL),
(813, 'Desenho I', 180, 6, 'DI', 'D1'),
(814, 'História da Arte: da Pré-História à Antiguidade Clássica', 150, 5, 'HAPAC', 'D2'),
(815, 'Investigação em Artes', 150, 5, 'IA', 'D3'),
(816, 'Oficina de Cerâmica', 210, 7, 'OC', 'D4'),
(817, 'Pintura I', 210, 7, 'PI', 'D5'),
(818, 'Desenho e Imagem por Computador', 210, 7, 'DIC', 'D6'),
(819, 'Desenho II', 180, 6, 'DII', 'D7'),
(820, 'História da Arte: Arte Medieval e Renascentista', 180, 6, 'HAMR', 'D8'),
(821, 'Imagem e Discurso', 120, 4, 'ID', 'D9'),
(822, 'Pintura II', 210, 7, 'PII', 'D10'),
(823, 'Desenho III', 120, 4, 'DIII', 'D11'),
(824, 'Design de Comunicação', 210, 7, 'DC', 'D12'),
(825, 'Escultura I', 210, 7, 'EI', 'D13'),
(826, 'História da Arte: do Barroco ao Romantismo', 150, 5, 'HABR', 'D14'),
(827, 'Oficina de Impressão', 210, 7, 'OIO', 'D15'),
(828, 'Oficina de Papel', 210, 7, 'OPP', 'D16'),
(829, 'Oficina de Têxteis', 210, 7, 'OT', 'D17'),
(830, 'Design de Produto', 210, 7, 'DP', 'D18'),
(831, 'Escultura II', 210, 7, 'EII', 'D19'),
(832, 'História da Arte: do Naturalismo ao Pós-Impressionismo', 150, 5, 'HANPI', 'D20'),
(833, 'Laboratório de Fotografia e Vídeo', 210, 7, 'LFV', 'D21'),
(834, 'Metodologia da Educação Artística', 120, 4, 'MEA', 'D22'),
(835, 'Estética', 90, 3, 'Est', 'D23'),
(836, 'História da Arte: Arte Moderna e Contemporânea', 240, 8, 'HAMC', 'D24'),
(837, 'Ilustração', 210, 7, 'IL', 'D25'),
(838, 'Sociologia da Arte', 120, 4, 'SA', 'D26'),
(839, 'Iniciação à Prática Profissional', 570, 19, 'IPR', 'D27'),
(840, 'Projeto Anual', 570, 19, 'PA', 'D28');

-- --------------------------------------------------------

--
-- Estrutura da tabela `grade`
--

CREATE TABLE `grade` (
  `idGrade` int(11) NOT NULL,
  `ano` int(11) NOT NULL,
  `chTotal` int(11) NOT NULL,
  `idCurso` int(11) DEFAULT NULL
) ENGINE=InnoDB DEFAULT CHARSET=latin1;

--
-- Extraindo dados da tabela `grade`
--

INSERT INTO `grade` (`idGrade`, `ano`, `chTotal`, `idCurso`) VALUES
(1, 2015, 0, 1),
(2, 2022, 1265, 2),
(3, 2022, 4225, 3),
(4, 2022, 0, 4),
(5, 2022, 0, 5),
(6, 2021, 0, 6),
(7, 2018, 0, 7),
(8, 2023, 0, 8),
(9, 2018, 0, 10),
(10, 2021, 0, 9),
(11, 2023, 0, 15),
(12, 2019, 0, 12),
(13, 2022, 0, 11),
(14, 2023, 0, 16),
(15, 2019, 5401, 19),
(16, 2022, 0, 14),
(19, 2011, 4776, 20),
(20, 2011, 6606, 21),
(21, 2011, 4882, 17),
(22, 2011, 5306, 22),
(23, 2019, 5214, 18),
(24, 2023, 0, 13),
(25, 2011, 5820, 23);

-- --------------------------------------------------------

--
-- Estrutura da tabela `grade_disciplina`
--

CREATE TABLE `grade_disciplina` (
  `idGrade` int(11) NOT NULL DEFAULT 0,
  `idDisciplina` int(11) NOT NULL DEFAULT 0,
  `tipo` varchar(25) NOT NULL,
  `periodo` int(11) NOT NULL
) ENGINE=InnoDB DEFAULT CHARSET=latin1;

--
-- Extraindo dados da tabela `grade_disciplina`
--

INSERT INTO `grade_disciplina` (`idGrade`, `idDisciplina`, `tipo`, `periodo`) VALUES
(1, 1, 'Obrigatória', 1),
(1, 2, 'Obrigatória', 1),
(1, 3, 'Obrigatória', 1),
(1, 4, 'Obrigatória', 1),
(1, 5, 'Obrigatória', 1),
(1, 6, 'Obrigatória', 1),
(1, 7, 'Obrigatória', 2),
(1, 8, 'Obrigatória', 2),
(1, 9, 'Obrigatória', 2),
(1, 10, 'Obrigatória', 2),
(1, 11, 'Obrigatória', 2),
(1, 12, 'Obrigatória', 2),
(1, 13, 'Obrigatória', 3),
(1, 14, 'Obrigatória', 3),
(1, 15, 'Obrigatória', 3),
(1, 16, 'Obrigatória', 3),
(1, 17, 'Obrigatória', 4),
(1, 18, 'Obrigatória', 4),
(1, 19, 'Obrigatória', 4),
(1, 20, 'Obrigatória', 4),
(1, 21, 'Obrigatória', 5),
(1, 22, 'Obrigatória', 5),
(1, 23, 'Obrigatória', 5),
(1, 24, 'Obrigatória', 5),
(1, 25, 'Obrigatória', 5),
(1, 26, 'Obrigatória', 6),
(2, 27, 'Obrigatória', 1),
(2, 28, 'Obrigatória', 1),
(2, 29, 'Obrigatória', 1),
(2, 30, 'Obrigatória', 1),
(2, 31, 'Obrigatória', 1),
(2, 32, 'Obrigatória', 1),
(2, 33, 'Obrigatória', 2),
(2, 34, 'Obrigatória', 2),
(2, 35, 'Obrigatória', 2),
(2, 36, 'Obrigatória', 2),
(2, 37, 'Obrigatória', 2),
(2, 38, 'Obrigatória', 2),
(2, 39, 'Obrigatória', 3),
(2, 40, 'Obrigatória', 3),
(2, 41, 'Obrigatória', 3),
(2, 42, 'Obrigatória', 3),
(2, 43, 'Obrigatória', 3),
(2, 44, 'Obrigatória', 3),
(2, 45, 'Obrigatória', 4),
(2, 46, 'Obrigatória', 4),
(2, 47, 'Obrigatória', 4),
(2, 48, 'Obrigatória', 4),
(2, 49, 'Obrigatória', 4),
(2, 50, 'Obrigatória', 4),
(2, 51, 'Obrigatória', 5),
(2, 52, 'Obrigatória', 5),
(2, 53, 'Obrigatória', 5),
(2, 54, 'Obrigatória', 5),
(2, 55, 'Obrigatória', 5),
(2, 56, 'Obrigatória', 5),
(2, 57, 'Obrigatória', 6),
(2, 58, 'Obrigatória', 6),
(2, 59, 'Obrigatória', 6),
(2, 60, 'Obrigatória', 6),
(3, 61, 'Obrigatória', 1),
(3, 62, 'Obrigatória', 1),
(3, 63, 'Obrigatória', 1),
(3, 64, 'Obrigatória', 1),
(3, 65, 'Obrigatória', 1),
(3, 66, 'Obrigatória', 2),
(3, 67, 'Obrigatória', 2),
(3, 68, 'Obrigatória', 2),
(3, 69, 'Obrigatória', 2),
(3, 70, 'Obrigatória', 2),
(3, 71, 'Optativa', 0),
(3, 72, 'Obrigatória', 3),
(3, 73, 'Obrigatória', 3),
(3, 74, 'Obrigatória', 3),
(3, 75, 'Obrigatória', 3),
(3, 76, 'Obrigatória', 3),
(3, 77, 'Obrigatória', 4),
(3, 78, 'Obrigatória', 4),
(3, 79, 'Obrigatória', 4),
(3, 80, 'Obrigatória', 4),
(3, 81, 'Obrigatória', 5),
(3, 82, 'Obrigatória', 5),
(3, 83, 'Obrigatória', 5),
(3, 84, 'Obrigatória', 5),
(3, 85, 'Obrigatória', 5),
(3, 86, 'Obrigatória', 6),
(3, 87, 'Obrigatória', 6),
(3, 88, 'Obrigatória', 6),
(3, 89, 'Obrigatória', 6),
(3, 90, 'Optativa', 0),
(3, 91, 'Optativa', 0),
(3, 92, 'Optativa', 0),
(3, 93, 'Optativa', 0),
(3, 94, 'Optativa', 0),
(3, 95, 'Optativa', 0),
(4, 96, 'Obrigatória', 1),
(4, 97, 'Obrigatória', 1),
(4, 98, 'Obrigatória', 1),
(4, 99, 'Obrigatória', 1),
(4, 100, 'Obrigatória', 1),
(4, 101, 'Obrigatória', 1),
(4, 102, 'Obrigatória', 1),
(4, 103, 'Obrigatória', 1),
(4, 104, 'Obrigatória', 1),
(4, 105, 'Obrigatória', 1),
(4, 106, 'Obrigatória', 2),
(4, 107, 'Obrigatória', 2),
(4, 108, 'Obrigatória', 2),
(4, 109, 'Obrigatória', 2),
(4, 110, 'Obrigatória', 2),
(4, 111, 'Obrigatória', 2),
(4, 112, 'Obrigatória', 2),
(4, 113, 'Obrigatória', 2),
(4, 114, 'Obrigatória', 2),
(4, 115, 'Obrigatória', 2),
(4, 116, 'Obrigatória', 3),
(4, 117, 'Obrigatória', 3),
(4, 118, 'Obrigatória', 3),
(4, 119, 'Obrigatória', 3),
(4, 120, 'Obrigatória', 3),
(4, 121, 'Obrigatória', 3),
(4, 122, 'Obrigatória', 3),
(4, 123, 'Obrigatória', 3),
(4, 124, 'Optativa', 3),
(4, 125, 'Optativa', 3),
(5, 126, 'Obrigatória', 1),
(5, 127, 'Obrigatória', 1),
(5, 128, 'Obrigatória', 1),
(5, 129, 'Obrigatória', 1),
(5, 130, 'Obrigatória', 1),
(5, 131, 'Obrigatória', 1),
(5, 132, 'Obrigatória', 1),
(5, 133, 'Obrigatória', 2),
(5, 134, 'Obrigatória', 2),
(5, 135, 'Obrigatória', 2),
(5, 136, 'Obrigatória', 2),
(5, 137, 'Obrigatória', 2),
(5, 138, 'Obrigatória', 2),
(5, 139, 'Obrigatória', 3),
(5, 140, 'Obrigatória', 3),
(5, 141, 'Obrigatória', 3),
(5, 142, 'Obrigatória', 3),
(5, 143, 'Obrigatória', 3),
(5, 144, 'Obrigatória', 3),
(5, 145, 'Obrigatória', 4),
(5, 146, 'Obrigatória', 4),
(5, 147, 'Obrigatória', 4),
(5, 148, 'Obrigatória', 4),
(5, 149, 'Obrigatória', 4),
(5, 150, 'Obrigatória', 4),
(5, 151, 'Obrigatória', 5),
(5, 152, 'Obrigatória', 5),
(5, 153, 'Obrigatória', 5),
(5, 154, 'Obrigatória', 5),
(5, 155, 'Obrigatória', 5),
(5, 156, 'Obrigatória', 6),
(5, 157, 'Obrigatória', 6),
(5, 158, 'Obrigatória', 6),
(5, 159, 'Optativa', 0),
(5, 160, 'Optativa', 0),
(5, 161, 'Optativa', 0),
(5, 162, 'Optativa', 0),
(5, 163, 'Optativa', 0),
(5, 164, 'Optativa', 0),
(5, 165, 'Optativa', 0),
(5, 166, 'Optativa', 0),
(5, 167, 'Optativa', 0),
(5, 168, 'Optativa', 0),
(5, 169, 'Optativa', 0),
(5, 170, 'Optativa', 0),
(5, 171, 'Optativa', 0),
(5, 172, 'Optativa', 0),
(5, 173, 'Optativa', 0),
(5, 174, 'Optativa', 0),
(5, 175, 'Optativa', 0),
(5, 176, 'Optativa', 0),
(5, 177, 'Optativa', 0),
(5, 178, 'Optativa', 0),
(5, 179, 'Optativa', 0),
(5, 180, 'Optativa', 0),
(5, 181, 'Optativa', 0),
(5, 182, 'Optativa', 0),
(5, 183, 'Optativa', 0),
(5, 184, 'Optativa', 0),
(5, 185, 'Optativa', 0),
(5, 186, 'Optativa', 0),
(5, 187, 'Optativa', 0),
(6, 188, 'Obrigatória', 1),
(6, 189, 'Obrigatória', 1),
(6, 190, 'Obrigatória', 1),
(6, 191, 'Obrigatória', 1),
(6, 192, 'Obrigatória', 1),
(6, 193, 'Obrigatória', 1),
(6, 194, 'Obrigatória', 2),
(6, 195, 'Obrigatória', 2),
(6, 196, 'Obrigatória', 2),
(6, 197, 'Obrigatória', 2),
(6, 198, 'Obrigatória', 2),
(6, 199, 'Obrigatória', 3),
(6, 200, 'Obrigatória', 3),
(6, 201, 'Obrigatória', 3),
(6, 202, 'Obrigatória', 3),
(6, 203, 'Obrigatória', 3),
(6, 204, 'Obrigatória', 4),
(6, 205, 'Obrigatória', 4),
(6, 206, 'Obrigatória', 4),
(6, 207, 'Obrigatória', 4),
(6, 208, 'Obrigatória', 4),
(6, 209, 'Obrigatória', 5),
(6, 210, 'Obrigatória', 5),
(6, 211, 'Obrigatória', 5),
(6, 212, 'Obrigatória', 5),
(6, 213, 'Obrigatória', 5),
(6, 214, 'Obrigatória', 5),
(6, 215, 'Obrigatória', 6),
(6, 216, 'Obrigatória', 6),
(6, 217, 'Obrigatória', 6),
(7, 218, 'Obrigatória', 1),
(7, 219, 'Obrigatória', 1),
(7, 220, 'Obrigatória', 1),
(7, 221, 'Obrigatória', 1),
(7, 222, 'Obrigatória', 1),
(7, 223, 'Obrigatória', 1),
(7, 224, 'Obrigatória', 1),
(7, 225, 'Obrigatória', 2),
(7, 226, 'Obrigatória', 2),
(7, 227, 'Obrigatória', 2),
(7, 228, 'Obrigatória', 2),
(7, 229, 'Obrigatória', 2),
(7, 230, 'Obrigatória', 3),
(7, 231, 'Obrigatória', 3),
(7, 232, 'Obrigatória', 3),
(7, 233, 'Obrigatória', 3),
(7, 234, 'Obrigatória', 3),
(7, 235, 'Obrigatória', 4),
(7, 236, 'Obrigatória', 4),
(7, 237, 'Obrigatória', 4),
(7, 238, 'Obrigatória', 4),
(7, 239, 'Obrigatória', 4),
(7, 240, 'Obrigatória', 4),
(7, 241, 'Obrigatória', 5),
(7, 242, 'Obrigatória', 5),
(7, 243, 'Obrigatória', 5),
(7, 244, 'Obrigatória', 5),
(7, 245, 'Obrigatória', 5),
(7, 246, 'Obrigatória', 5),
(7, 247, 'Obrigatória', 7),
(7, 248, 'Obrigatória', 7),
(7, 249, 'Obrigatória', 8),
(7, 250, 'Obrigatória', 8),
(9, 384, 'Obrigatória', 1),
(9, 385, 'Obrigatória', 1),
(9, 386, 'Obrigatória', 1),
(9, 387, 'Obrigatória', 1),
(9, 388, 'Obrigatória', 1),
(9, 389, 'Obrigatória', 2),
(9, 390, 'Obrigatória', 2),
(9, 391, 'Obrigatória', 2),
(9, 392, 'Obrigatória', 2),
(9, 393, 'Obrigatória', 2),
(9, 394, 'Obrigatória', 3),
(9, 395, 'Obrigatória', 3),
(9, 396, 'Obrigatória', 3),
(9, 397, 'Obrigatória', 3),
(9, 398, 'Obrigatória', 3),
(9, 399, 'Obrigatória', 4),
(9, 400, 'Obrigatória', 4),
(9, 401, 'Obrigatória', 4),
(9, 402, 'Obrigatória', 4),
(9, 403, 'Obrigatória', 4),
(9, 404, 'Obrigatória', 5),
(9, 405, 'Obrigatória', 5),
(9, 406, 'Obrigatória', 5),
(9, 407, 'Obrigatória', 5),
(9, 408, 'Obrigatória', 6),
(9, 409, 'Obrigatória', 6),
(9, 410, 'Obrigatória', 6),
(9, 411, 'Obrigatória', 6),
(10, 465, 'Obrigatória', 1),
(10, 466, 'Obrigatória', 1),
(10, 467, 'Obrigatória', 1),
(10, 468, 'Obrigatória', 1),
(10, 469, 'Obrigatória', 1),
(10, 470, 'Obrigatória', 1),
(10, 471, 'Obrigatória', 2),
(10, 472, 'Obrigatória', 2),
(10, 473, 'Obrigatória', 2),
(10, 474, 'Obrigatória', 2),
(10, 475, 'Obrigatória', 2),
(10, 476, 'Obrigatória', 3),
(10, 477, 'Obrigatória', 3),
(10, 478, 'Obrigatória', 3),
(10, 479, 'Obrigatória', 3),
(10, 480, 'Obrigatória', 3),
(10, 481, 'Obrigatória', 4),
(10, 482, 'Obrigatória', 4),
(10, 483, 'Obrigatória', 4),
(10, 484, 'Obrigatória', 4),
(10, 485, 'Obrigatória', 4),
(10, 486, 'Obrigatória', 5),
(10, 487, 'Obrigatória', 5),
(10, 488, 'Obrigatória', 5),
(10, 489, 'Obrigatória', 5),
(10, 490, 'Obrigatória', 5),
(10, 491, 'Obrigatória', 6),
(10, 492, 'Obrigatória', 6),
(10, 493, 'Obrigatória', 6),
(10, 494, 'Optativa', 6),
(11, 343, 'Obrigatória', 1),
(11, 344, 'Obrigatória', 1),
(11, 345, 'Obrigatória', 1),
(11, 346, 'Obrigatória', 1),
(11, 347, 'Obrigatória', 1),
(11, 348, 'Obrigatória', 1),
(11, 349, 'Obrigatória', 2),
(11, 350, 'Obrigatória', 2),
(11, 351, 'Obrigatória', 2),
(11, 352, 'Obrigatória', 2),
(11, 353, 'Optativa', 2),
(11, 354, 'Optativa', 2),
(11, 355, 'Obrigatória', 3),
(11, 356, 'Obrigatória', 3),
(11, 357, 'Obrigatória', 3),
(11, 358, 'Obrigatória', 3),
(11, 359, 'Optativa', 3),
(11, 360, 'Optativa', 3),
(11, 361, 'Optativa', 3),
(11, 362, 'Obrigatória', 4),
(11, 363, 'Obrigatória', 4),
(11, 364, 'Obrigatória', 4),
(11, 365, 'Obrigatória', 4),
(11, 366, 'Optativa', 4),
(11, 367, 'Optativa', 4),
(11, 368, 'Optativa', 4),
(11, 369, 'Optativa', 4),
(11, 370, 'Obrigatória', 5),
(11, 371, 'Obrigatória', 5),
(11, 372, 'Obrigatória', 5),
(11, 373, 'Obrigatória', 5),
(11, 374, 'Optativa', 5),
(11, 375, 'Optativa', 5),
(11, 376, 'Optativa', 5),
(11, 377, 'Obrigatória', 6),
(11, 378, 'Obrigatória', 6),
(11, 379, 'Obrigatória', 6),
(11, 380, 'Optativa', 6),
(11, 381, 'Optativa', 6),
(11, 382, 'Optativa', 6),
(11, 383, 'Optativa', 6),
(12, 423, 'Obrigatória', 1),
(12, 424, 'Obrigatória', 1),
(12, 425, 'Obrigatória', 1),
(12, 426, 'Obrigatória', 1),
(12, 427, 'Obrigatória', 1),
(12, 428, 'Obrigatória', 1),
(12, 429, 'Obrigatória', 2),
(12, 430, 'Obrigatória', 2),
(12, 431, 'Obrigatória', 2),
(12, 432, 'Obrigatória', 2),
(12, 433, 'Optativa', 2),
(12, 434, 'Optativa', 2),
(12, 435, 'Optativa', 2),
(12, 436, 'Obrigatória', 3),
(12, 437, 'Obrigatória', 3),
(12, 438, 'Obrigatória', 3),
(12, 439, 'Obrigatória', 3),
(12, 440, 'Optativa', 3),
(12, 441, 'Optativa', 3),
(12, 442, 'Optativa', 3),
(12, 443, 'Obrigatória', 4),
(12, 444, 'Obrigatória', 4),
(12, 445, 'Obrigatória', 4),
(12, 446, 'Obrigatória', 4),
(12, 447, 'Optativa', 4),
(12, 448, 'Optativa', 4),
(12, 449, 'Optativa', 4),
(12, 450, 'Optativa', 4),
(12, 451, 'Obrigatória', 5),
(12, 452, 'Obrigatória', 5),
(12, 453, 'Obrigatória', 5),
(12, 454, 'Obrigatória', 5),
(12, 455, 'Optativa', 5),
(12, 456, 'Optativa', 5),
(12, 457, 'Optativa', 5),
(12, 458, 'Obrigatória', 6),
(12, 459, 'Obrigatória', 6),
(12, 460, 'Obrigatória', 6),
(12, 461, 'Optativa', 6),
(12, 462, 'Optativa', 6),
(12, 463, 'Optativa', 6),
(12, 464, 'Optativa', 6),
(13, 283, 'Obrigatória', 1),
(13, 284, 'Obrigatória', 1),
(13, 293, 'Obrigatória', 1),
(13, 294, 'Obrigatória', 1),
(13, 295, 'Obrigatória', 1),
(13, 296, 'Obrigatória', 2),
(13, 297, 'Obrigatória', 2),
(13, 298, 'Obrigatória', 2),
(13, 299, 'Obrigatória', 2),
(13, 300, 'Obrigatória', 2),
(13, 412, 'Obrigatória', 3),
(13, 413, 'Obrigatória', 3),
(13, 414, 'Obrigatória', 3),
(13, 415, 'Obrigatória', 3),
(13, 416, 'Obrigatória', 3),
(13, 417, 'Obrigatória', 4),
(13, 418, 'Obrigatória', 4),
(13, 419, 'Obrigatória', 4),
(13, 420, 'Obrigatória', 4),
(13, 421, 'Obrigatória', 4),
(13, 422, 'Obrigatória', 4),
(13, 495, 'Obrigatória', 5),
(13, 496, 'Obrigatória', 5),
(13, 497, 'Obrigatória', 5),
(13, 498, 'Obrigatória', 5),
(13, 499, 'Obrigatória', 5),
(13, 500, 'Obrigatória', 5),
(13, 501, 'Obrigatória', 6),
(13, 502, 'Obrigatória', 6),
(13, 503, 'Obrigatória', 6),
(13, 504, 'Obrigatória', 6),
(13, 505, 'Obrigatória', 6),
(14, 515, 'Obrigatória', 1),
(14, 516, 'Obrigatória', 1),
(14, 517, 'Obrigatória', 1),
(14, 518, 'Obrigatória', 1),
(14, 519, 'Obrigatória', 1),
(14, 520, 'Obrigatória', 2),
(14, 521, 'Obrigatória', 2),
(14, 522, 'Obrigatória', 2),
(14, 523, 'Obrigatória', 2),
(14, 524, 'Obrigatória', 2),
(14, 525, 'Obrigatória', 3),
(14, 526, 'Obrigatória', 3),
(14, 527, 'Obrigatória', 3),
(14, 528, 'Obrigatória', 3),
(14, 529, 'Obrigatória', 3),
(14, 530, 'Obrigatória', 4),
(14, 531, 'Obrigatória', 4),
(14, 532, 'Obrigatória', 4),
(14, 533, 'Obrigatória', 4),
(14, 534, 'Obrigatória', 4),
(14, 535, 'Obrigatória', 4),
(14, 536, 'Obrigatória', 5),
(14, 537, 'Obrigatória', 5),
(14, 538, 'Obrigatória', 5),
(14, 539, 'Obrigatória', 5),
(14, 540, 'Obrigatória', 5),
(14, 541, 'Obrigatória', 5),
(14, 542, 'Obrigatória', 6),
(14, 543, 'Obrigatória', 6),
(14, 544, 'Obrigatória', 6),
(14, 545, 'Obrigatória', 6),
(14, 546, 'Obrigatória', 6),
(15, 560, 'Obrigatória', 6),
(15, 561, 'Obrigatória', 6),
(15, 562, 'Obrigatória', 6),
(15, 563, 'Obrigatória', 6),
(15, 575, 'Obrigatória', 1),
(15, 576, 'Obrigatória', 1),
(15, 577, 'Obrigatória', 1),
(15, 578, 'Obrigatória', 1),
(15, 579, 'Obrigatória', 1),
(15, 580, 'Obrigatória', 2),
(15, 581, 'Obrigatória', 2),
(15, 582, 'Obrigatória', 2),
(15, 583, 'Obrigatória', 2),
(15, 584, 'Obrigatória', 2),
(15, 585, 'Obrigatória', 3),
(15, 586, 'Obrigatória', 3),
(15, 587, 'Obrigatória', 3),
(15, 588, 'Obrigatória', 3),
(15, 589, 'Obrigatória', 3),
(15, 590, 'Obrigatória', 4),
(15, 591, 'Obrigatória', 4),
(15, 592, 'Obrigatória', 4),
(15, 593, 'Obrigatória', 4),
(15, 594, 'Obrigatória', 4),
(15, 595, 'Obrigatória', 5),
(15, 596, 'Obrigatória', 5),
(15, 597, 'Obrigatória', 5),
(15, 598, 'Obrigatória', 5),
(15, 599, 'Obrigatória', 5),
(15, 600, 'Obrigatória', 6),
(15, 601, 'Obrigatória', 6),
(15, 602, 'Obrigatória', 6),
(15, 603, 'Obrigatória', 6),
(16, 286, 'Obrigatória', 1),
(16, 287, 'Obrigatória', 1),
(16, 288, 'Obrigatória', 1),
(16, 289, 'Obrigatória', 1),
(16, 290, 'Obrigatória', 1),
(16, 291, 'Obrigatória', 1),
(16, 292, 'Obrigatória', 2),
(16, 506, 'Obrigatória', 2),
(16, 507, 'Obrigatória', 2),
(16, 508, 'Obrigatória', 2),
(16, 509, 'Obrigatória', 2),
(16, 511, 'Obrigatória', 3),
(16, 512, 'Obrigatória', 3),
(16, 513, 'Obrigatória', 3),
(16, 604, 'Obrigatória', 3),
(16, 605, 'Obrigatória', 3),
(16, 606, 'Obrigatória', 3),
(16, 607, 'Obrigatória', 4),
(16, 608, 'Obrigatória', 4),
(16, 609, 'Obrigatória', 4),
(16, 610, 'Obrigatória', 4),
(16, 611, 'Obrigatória', 4),
(16, 612, 'Obrigatória', 4),
(16, 613, 'Obrigatória', 5),
(16, 614, 'Obrigatória', 5),
(16, 615, 'Obrigatória', 5),
(16, 616, 'Obrigatória', 5),
(16, 617, 'Obrigatória', 5),
(16, 618, 'Obrigatória', 6),
(16, 619, 'Obrigatória', 6),
(16, 620, 'Obrigatória', 6),
(19, 741, 'Obrigatória', 1),
(19, 742, 'Obrigatória', 1),
(19, 743, 'Obrigatória', 1),
(19, 744, 'Obrigatória', 1),
(19, 745, 'Obrigatória', 1),
(19, 746, 'Obrigatória', 1),
(19, 747, 'Obrigatória', 2),
(19, 748, 'Obrigatória', 2),
(19, 749, 'Obrigatória', 2),
(19, 756, 'Obrigatória', 2),
(19, 757, 'Obrigatória', 2),
(19, 758, 'Obrigatória', 2),
(19, 759, 'Obrigatória', 3),
(19, 760, 'Obrigatória', 3),
(19, 761, 'Obrigatória', 3),
(19, 762, 'Obrigatória', 3),
(19, 763, 'Obrigatória', 3),
(19, 764, 'Obrigatória', 3),
(19, 765, 'Obrigatória', 4),
(19, 766, 'Obrigatória', 4),
(19, 767, 'Obrigatória', 4),
(19, 768, 'Obrigatória', 4),
(19, 769, 'Obrigatória', 4),
(19, 770, 'Obrigatória', 4),
(19, 771, 'Obrigatória', 5),
(19, 772, 'Obrigatória', 5),
(19, 773, 'Obrigatória', 5),
(19, 774, 'Obrigatória', 5),
(19, 775, 'Obrigatória', 5),
(19, 776, 'Obrigatória', 6),
(19, 777, 'Obrigatória', 6),
(19, 778, 'Obrigatória', 6),
(19, 779, 'Obrigatória', 6),
(20, 621, 'Obrigatória', 1),
(20, 622, 'Obrigatória', 1),
(20, 623, 'Obrigatória', 1),
(20, 624, 'Obrigatória', 1),
(20, 625, 'Obrigatória', 1),
(20, 626, 'Obrigatória', 1),
(20, 627, 'Obrigatória', 2),
(20, 628, 'Obrigatória', 2),
(20, 629, 'Obrigatória', 2),
(20, 630, 'Obrigatória', 2),
(20, 631, 'Obrigatória', 2),
(20, 632, 'Obrigatória', 2),
(20, 633, 'Obrigatória', 3),
(20, 634, 'Obrigatória', 3),
(20, 635, 'Obrigatória', 3),
(20, 636, 'Obrigatória', 3),
(20, 637, 'Obrigatória', 3),
(20, 638, 'Obrigatória', 3),
(20, 639, 'Obrigatória', 3),
(20, 640, 'Obrigatória', 4),
(20, 641, 'Obrigatória', 4),
(20, 642, 'Obrigatória', 4),
(20, 643, 'Obrigatória', 4),
(20, 644, 'Obrigatória', 4),
(20, 645, 'Obrigatória', 4),
(20, 646, 'Obrigatória', 4),
(20, 647, 'Obrigatória', 4),
(20, 648, 'Obrigatória', 4),
(20, 649, 'Obrigatória', 5),
(20, 650, 'Obrigatória', 5),
(20, 651, 'Obrigatória', 5),
(20, 652, 'Obrigatória', 5),
(20, 653, 'Obrigatória', 5),
(20, 654, 'Obrigatória', 5),
(20, 655, 'Obrigatória', 5),
(20, 656, 'Obrigatória', 5),
(20, 657, 'Obrigatória', 5),
(20, 658, 'Optativa', 6),
(20, 659, 'Optativa', 6),
(20, 660, 'Optativa', 6),
(20, 661, 'Obrigatória', 6),
(20, 662, 'Obrigatória', 6),
(20, 663, 'Obrigatória', 6),
(20, 664, 'Obrigatória', 6),
(20, 665, 'Obrigatória', 6),
(21, 285, 'Obrigatória', 1),
(21, 301, 'Obrigatória', 1),
(21, 547, 'Obrigatória', 1),
(21, 548, 'Obrigatória', 1),
(21, 549, 'Obrigatória', 1),
(21, 550, 'Obrigatória', 1),
(21, 551, 'Obrigatória', 2),
(21, 552, 'Obrigatória', 2),
(21, 553, 'Obrigatória', 2),
(21, 554, 'Obrigatória', 2),
(21, 555, 'Obrigatória', 2),
(21, 556, 'Obrigatória', 3),
(21, 557, 'Obrigatória', 3),
(21, 558, 'Obrigatória', 3),
(21, 559, 'Obrigatória', 3),
(21, 560, 'Obrigatória', 3),
(21, 561, 'Obrigatória', 4),
(21, 562, 'Obrigatória', 4),
(21, 563, 'Obrigatória', 4),
(21, 564, 'Obrigatória', 4),
(21, 565, 'Optativa', 4),
(21, 566, 'Optativa', 4),
(21, 567, 'Obrigatória', 5),
(21, 568, 'Obrigatória', 5),
(21, 569, 'Obrigatória', 5),
(21, 570, 'Obrigatória', 5),
(21, 571, 'Obrigatória', 5),
(21, 572, 'Obrigatória', 6),
(21, 573, 'Obrigatória', 6),
(21, 574, 'Obrigatória', 6),
(22, 703, 'Obrigatória', 1),
(22, 704, 'Obrigatória', 1),
(22, 705, 'Obrigatória', 1),
(22, 706, 'Obrigatória', 1),
(22, 707, 'Obrigatória', 1),
(22, 708, 'Obrigatória', 1),
(22, 709, 'Obrigatória', 2),
(22, 710, 'Obrigatória', 2),
(22, 711, 'Obrigatória', 2),
(22, 712, 'Obrigatória', 2),
(22, 713, 'Obrigatória', 2),
(22, 714, 'Obrigatória', 2),
(22, 715, 'Obrigatória', 3),
(22, 716, 'Obrigatória', 3),
(22, 717, 'Obrigatória', 3),
(22, 718, 'Obrigatória', 3),
(22, 719, 'Obrigatória', 3),
(22, 720, 'Obrigatória', 3),
(22, 721, 'Obrigatória', 4),
(22, 722, 'Obrigatória', 4),
(22, 723, 'Obrigatória', 4),
(22, 724, 'Obrigatória', 4),
(22, 725, 'Obrigatória', 4),
(22, 726, 'Obrigatória', 4),
(22, 727, 'Obrigatória', 5),
(22, 728, 'Obrigatória', 5),
(22, 729, 'Obrigatória', 5),
(22, 730, 'Obrigatória', 5),
(22, 731, 'Optativa', 5),
(22, 732, 'Optativa', 5),
(22, 733, 'Obrigatória', 5),
(22, 734, 'Obrigatória', 6),
(22, 735, 'Optativa', 6),
(22, 736, 'Optativa', 6),
(22, 737, 'Optativa', 6),
(22, 738, 'Optativa', 6),
(22, 739, 'Obrigatória', 6),
(22, 740, 'Obrigatória', 6),
(23, 666, 'Obrigatória', 1),
(23, 667, 'Obrigatória', 1),
(23, 668, 'Obrigatória', 1),
(23, 669, 'Obrigatória', 1),
(23, 670, 'Obrigatória', 1),
(23, 671, 'Obrigatória', 1),
(23, 672, 'Obrigatória', 2),
(23, 673, 'Obrigatória', 2),
(23, 674, 'Obrigatória', 2),
(23, 675, 'Obrigatória', 2),
(23, 676, 'Obrigatória', 2),
(23, 677, 'Obrigatória', 2),
(23, 678, 'Obrigatória', 3),
(23, 679, 'Obrigatória', 3),
(23, 680, 'Obrigatória', 3),
(23, 681, 'Obrigatória', 3),
(23, 682, 'Obrigatória', 3),
(23, 683, 'Obrigatória', 3),
(23, 684, 'Obrigatória', 4),
(23, 685, 'Obrigatória', 4),
(23, 686, 'Obrigatória', 4),
(23, 687, 'Obrigatória', 4),
(23, 688, 'Obrigatória', 4),
(23, 689, 'Obrigatória', 4),
(23, 690, 'Obrigatória', 5),
(23, 691, 'Obrigatória', 5),
(23, 692, 'Obrigatória', 5),
(23, 693, 'Obrigatória', 5),
(23, 694, 'Obrigatória', 5),
(23, 695, 'Optativa', 5),
(23, 696, 'Optativa', 5),
(23, 697, 'Obrigatória', 6),
(23, 698, 'Optativa', 6),
(23, 699, 'Optativa', 6),
(23, 700, 'Optativa', 6),
(23, 701, 'Optativa', 6),
(23, 702, 'Optativa', 6),
(24, 780, 'Obrigatória', 1),
(24, 781, 'Obrigatória', 1),
(24, 782, 'Obrigatória', 1),
(24, 783, 'Obrigatória', 1),
(24, 784, 'Obrigatória', 1),
(24, 785, 'Obrigatória', 1),
(24, 786, 'Obrigatória', 2),
(24, 787, 'Obrigatória', 2),
(24, 788, 'Obrigatória', 2),
(24, 789, 'Obrigatória', 2),
(24, 790, 'Obrigatória', 2),
(24, 791, 'Obrigatória', 2),
(24, 792, 'Obrigatória', 3),
(24, 793, 'Obrigatória', 3),
(24, 794, 'Obrigatória', 3),
(24, 795, 'Obrigatória', 3),
(24, 796, 'Obrigatória', 3),
(24, 797, 'Obrigatória', 3),
(24, 798, 'Obrigatória', 4),
(24, 799, 'Obrigatória', 4),
(24, 800, 'Obrigatória', 4),
(24, 801, 'Obrigatória', 4),
(24, 802, 'Obrigatória', 4),
(24, 803, 'Obrigatória', 4),
(24, 804, 'Obrigatória', 5),
(24, 805, 'Obrigatória', 5),
(24, 806, 'Obrigatória', 5),
(24, 807, 'Obrigatória', 5),
(24, 808, 'Obrigatória', 5),
(24, 809, 'Obrigatória', 6),
(24, 810, 'Obrigatória', 6),
(24, 811, 'Obrigatória', 6),
(24, 812, 'Obrigatória', 6),
(25, 813, 'Obrigatória', 1),
(25, 814, 'Obrigatória', 1),
(25, 815, 'Obrigatória', 1),
(25, 816, 'Obrigatória', 1),
(25, 817, 'Obrigatória', 1),
(25, 818, 'Obrigatória', 2),
(25, 819, 'Obrigatória', 2),
(25, 820, 'Obrigatória', 2),
(25, 821, 'Obrigatória', 2),
(25, 822, 'Obrigatória', 2),
(25, 823, 'Obrigatória', 3),
(25, 824, 'Obrigatória', 3),
(25, 825, 'Obrigatória', 3),
(25, 826, 'Obrigatória', 3),
(25, 827, 'Optativa', 3),
(25, 828, 'Optativa', 3),
(25, 829, 'Optativa', 3),
(25, 830, 'Obrigatória', 4),
(25, 831, 'Obrigatória', 4),
(25, 832, 'Obrigatória', 4),
(25, 833, 'Obrigatória', 4),
(25, 834, 'Obrigatória', 4),
(25, 835, 'Obrigatória', 5),
(25, 836, 'Obrigatória', 5),
(25, 837, 'Obrigatória', 6),
(25, 838, 'Obrigatória', 6),
(25, 839, 'Obrigatória', 6),
(25, 840, 'Obrigatória', 6);

-- --------------------------------------------------------

--
-- Estrutura da tabela `historico`
--

CREATE TABLE `historico` (
  `idHistorico` int(11) NOT NULL,
  `data` date NOT NULL,
  `nota` float NOT NULL,
  `matricula` int(11) DEFAULT NULL,
  `idDisciplina` int(11) DEFAULT NULL,
  `status` varchar(25) NOT NULL
) ENGINE=InnoDB DEFAULT CHARSET=latin1;

--
-- Extraindo dados da tabela `historico`
--

INSERT INTO `historico` (`idHistorico`, `data`, `nota`, `matricula`, `idDisciplina`, `status`) VALUES
(1, '2012-03-14', 9.5, 123, 1, 'Aprovado'),
(2, '2012-03-14', 9, 123, 2, 'Aprovado'),
(3, '2012-03-14', 9, 123, 3, 'Aprovado'),
(4, '2012-03-14', 8.5, 123, 4, 'Aprovado'),
(5, '2012-03-14', 7.5, 123, 5, 'Aprovado'),
(6, '2012-03-14', 9.5, 123, 6, 'Aprovado'),
(7, '2012-09-14', 9, 123, 7, 'Aprovado'),
(8, '2012-09-14', 9, 123, 8, 'Aprovado'),
(9, '2012-09-14', 10, 123, 9, 'Aprovado'),
(10, '2012-09-14', 10, 123, 10, 'Aprovado'),
(11, '2012-09-14', 9.8, 123, 11, 'Aprovado'),
(12, '2012-09-14', 9.5, 123, 12, 'Aprovado'),
(13, '2012-03-15', 9.5, 123, 7, 'Aprovado'),
(14, '2012-03-15', 9.7, 123, 14, 'Aprovado'),
(15, '2012-03-15', 9.3, 123, 15, 'Aprovado'),
(16, '2012-03-15', 9.2, 123, 16, 'Aprovado'),
(17, '2012-09-15', 8.5, 123, 17, 'Aprovado'),
(18, '2012-09-15', 9.8, 123, 18, 'Aprovado'),
(19, '2012-09-15', 9.3, 123, 19, 'Aprovado'),
(20, '2012-09-15', 9.4, 123, 20, 'Aprovado'),
(21, '2012-03-16', 9.1, 123, 21, 'Aprovado'),
(22, '2012-03-16', 8, 123, 22, 'Aprovado'),
(23, '2012-03-16', 8.7, 123, 23, 'Aprovado'),
(24, '2012-03-16', 9.5, 123, 24, 'Aprovado'),
(25, '2012-03-16', 9, 123, 25, 'Aprovado'),
(26, '2012-09-16', 10, 123, 26, 'Aprovado'),
(27, '2012-03-22', 9, 456, 27, 'Aprovado'),
(28, '2012-03-22', 9, 456, 28, 'Aprovado'),
(29, '2012-03-22', 8.5, 456, 29, 'Aprovado'),
(30, '2012-03-22', 7.5, 456, 30, 'Aprovado'),
(31, '2012-03-22', 9.5, 456, 31, 'Aprovado'),
(32, '2012-09-22', 9, 456, 32, 'Aprovado'),
(33, '2012-09-22', 9, 456, 33, 'Aprovado'),
(34, '2012-09-22', 10, 456, 34, 'Aprovado'),
(35, '2012-09-22', 10, 456, 10, 'Aprovado'),
(36, '2012-09-22', 9.8, 456, 35, 'Aprovado'),
(37, '2012-09-22', 9.5, 456, 36, 'Aprovado'),
(38, '2012-09-22', 9.5, 456, 37, 'Aprovado'),
(103, '2018-01-01', 10, 1, 1, 'Aprovado'),
(104, '2018-01-01', 10, 1, 2, 'Aprovado'),
(105, '2018-01-01', 10, 1, 3, 'Aprovado'),
(106, '2018-01-01', 10, 1, 4, 'Aprovado'),
(107, '2018-01-01', 10, 1, 5, 'Aprovado'),
(108, '2018-01-01', 10, 1, 6, 'Aprovado'),
(109, '2018-06-01', 10, 1, 7, 'Aprovado'),
(110, '2018-06-01', 10, 1, 8, 'Aprovado'),
(111, '2018-06-01', 10, 1, 9, 'Aprovado'),
(112, '2018-06-01', 10, 1, 10, 'Aprovado'),
(113, '2018-06-01', 10, 1, 11, 'Aprovado'),
(114, '2018-06-01', 10, 1, 12, 'Aprovado'),
(115, '2019-01-01', 10, 1, 13, 'Aprovado'),
(116, '2019-01-01', 10, 1, 14, 'Aprovado'),
(117, '2019-01-01', 10, 1, 15, 'Aprovado'),
(118, '2019-01-01', 10, 1, 16, 'Aprovado'),
(119, '2019-06-06', 10, 1, 17, 'Aprovado'),
(120, '2019-06-06', 10, 1, 18, 'Aprovado'),
(121, '2019-06-06', 10, 1, 19, 'Aprovado'),
(122, '2019-06-06', 10, 1, 20, 'Aprovado'),
(123, '2020-01-01', 10, 1, 21, 'Aprovado'),
(124, '2020-01-01', 10, 1, 22, 'Aprovado'),
(125, '2020-01-01', 10, 1, 23, 'Aprovado'),
(126, '2020-01-01', 10, 1, 24, 'Aprovado'),
(127, '2020-01-01', 10, 1, 25, 'Aprovado'),
(128, '2020-06-01', 10, 1, 26, 'Aprovado'),
(129, '2023-01-01', 10, 2, 61, 'Aprovado'),
(130, '2023-01-01', 10, 2, 62, 'Aprovado'),
(131, '2023-01-01', 10, 2, 63, 'Aprovado'),
(132, '2023-01-01', 10, 2, 64, 'Aprovado'),
(133, '2023-01-01', 10, 2, 65, 'Aprovado'),
(134, '2023-01-01', 10, 2, 66, 'Aprovado'),
(135, '2023-06-20', 7.8, 457, 1, 'Aprovado'),
(136, '2023-06-20', 8.5, 457, 2, 'Aprovado'),
(137, '2023-06-20', 9.6, 457, 3, 'Aprovado'),
(138, '2023-06-20', 7.7, 457, 4, 'Aprovado'),
(139, '2023-06-20', 9.1, 457, 5, 'Aprovado'),
(140, '2023-06-20', 8.3, 457, 6, 'Aprovado'),
(141, '2023-06-20', 7.2, 457, 7, 'Aprovado'),
(142, '2023-06-20', 9.8, 457, 8, 'Aprovado'),
(143, '2023-06-20', 7.3, 457, 9, 'Aprovado'),
(144, '2023-06-20', 9.4, 457, 10, 'Aprovado'),
(145, '2023-06-20', 8.6, 457, 11, 'Aprovado'),
(146, '2023-06-20', 7.9, 457, 12, 'Aprovado'),
(147, '2023-06-20', 8.1, 457, 13, 'Aprovado'),
(148, '2023-06-20', 8.2, 458, 1, 'Aprovado'),
(149, '2023-06-20', 7.6, 458, 2, 'Aprovado'),
(150, '2023-06-20', 9.3, 458, 3, 'Aprovado'),
(151, '2023-06-20', 7.7, 458, 4, 'Aprovado'),
(152, '2023-06-20', 9.5, 458, 5, 'Aprovado'),
(153, '2023-06-20', 7.9, 458, 6, 'Aprovado'),
(154, '2023-06-20', 8.4, 458, 7, 'Aprovado'),
(155, '2023-06-20', 7.8, 458, 8, 'Aprovado'),
(156, '2023-06-20', 8.7, 458, 9, 'Aprovado'),
(157, '2023-06-20', 7.4, 458, 10, 'Aprovado'),
(158, '2023-06-20', 9.1, 458, 11, 'Aprovado'),
(159, '2023-06-20', 8.3, 458, 12, 'Aprovado'),
(160, '2023-06-20', 7.7, 458, 13, 'Aprovado'),
(161, '2023-06-20', 8.5, 458, 14, 'Aprovado'),
(162, '2023-06-20', 7.2, 458, 15, 'Aprovado'),
(163, '2023-06-20', 8.8, 458, 16, 'Aprovado'),
(164, '2023-06-20', 7.9, 458, 17, 'Aprovado'),
(165, '2023-06-20', 8.6, 458, 18, 'Aprovado'),
(166, '2023-06-20', 7.5, 458, 19, 'Aprovado'),
(167, '2023-06-20', 8.3, 458, 20, 'Aprovado'),
(168, '2023-06-20', 7.7, 458, 21, 'Aprovado'),
(169, '2023-06-20', 8.5, 458, 22, 'Aprovado'),
(170, '2023-06-20', 7.9, 458, 23, 'Aprovado'),
(171, '2023-06-20', 8.2, 458, 24, 'Aprovado'),
(172, '2023-06-20', 7.8, 458, 25, 'Aprovado'),
(173, '2023-06-20', 8.1, 458, 26, 'Aprovado'),
(174, '2022-01-11', 10, 5, 27, 'Aprovado'),
(175, '2022-01-12', 10, 5, 28, 'Aprovado'),
(176, '2022-01-13', 10, 5, 29, 'Aprovado'),
(177, '2022-01-14', 10, 5, 30, 'Aprovado'),
(178, '2022-01-15', 10, 5, 31, 'Aprovado'),
(179, '2022-01-16', 10, 5, 32, 'Aprovado'),
(180, '2022-07-10', 10, 5, 33, 'Aprovado'),
(181, '2022-07-11', 10, 5, 34, 'Aprovado'),
(182, '2022-07-12', 10, 5, 35, 'Aprovado'),
(183, '2022-07-13', 10, 5, 36, 'Aprovado'),
(184, '2022-07-14', 10, 5, 37, 'Aprovado'),
(185, '2022-07-15', 10, 5, 38, 'Aprovado'),
(186, '2023-01-10', 10, 5, 39, 'Aprovado'),
(187, '2023-01-11', 10, 5, 40, 'Aprovado'),
(188, '2023-01-12', 10, 5, 41, 'Aprovado'),
(189, '2023-01-13', 10, 5, 42, 'Aprovado'),
(190, '2023-01-14', 10, 5, 43, 'Aprovado'),
(191, '2023-01-15', 10, 5, 44, 'Aprovado'),
(192, '2023-07-10', 10, 5, 45, 'Aprovado'),
(193, '2023-07-11', 10, 5, 46, 'Aprovado'),
(194, '2023-07-12', 10, 5, 47, 'Aprovado'),
(195, '2023-07-13', 10, 5, 48, 'Aprovado'),
(196, '2023-07-14', 10, 5, 49, 'Aprovado'),
(197, '2023-07-15', 10, 5, 50, 'Aprovado'),
(198, '2024-01-10', 10, 5, 51, 'Aprovado'),
(199, '2024-01-11', 10, 5, 52, 'Aprovado'),
(200, '2024-01-12', 10, 5, 53, 'Aprovado'),
(201, '2024-01-13', 10, 5, 54, 'Aprovado'),
(202, '2024-01-14', 10, 5, 55, 'Aprovado'),
(203, '2024-01-15', 10, 5, 56, 'Aprovado'),
(204, '2024-07-10', 10, 5, 57, 'Aprovado'),
(205, '2024-07-11', 10, 5, 58, 'Aprovado'),
(206, '2024-07-12', 10, 5, 59, 'Aprovado'),
(207, '2024-07-13', 10, 5, 60, 'Aprovado'),
(208, '2022-01-11', 10, 8, 27, 'Aprovado'),
(209, '2022-01-12', 10, 8, 28, 'Aprovado'),
(210, '2022-01-13', 10, 8, 29, 'Aprovado'),
(211, '2022-01-14', 10, 8, 30, 'Aprovado'),
(212, '2022-01-15', 10, 8, 31, 'Aprovado'),
(213, '2022-01-16', 10, 8, 32, 'Aprovado'),
(214, '2022-07-10', 10, 8, 33, 'Aprovado'),
(215, '2022-07-11', 10, 8, 34, 'Aprovado'),
(216, '2022-07-12', 10, 8, 35, 'Aprovado'),
(217, '2022-07-13', 10, 8, 36, 'Aprovado'),
(218, '2022-07-14', 10, 8, 37, 'Aprovado'),
(219, '2023-05-21', 200, 1, 5, 'APROVADO'),
(220, '2023-05-22', 201, 2, 1, 'Reprovado'),
(221, '2022-06-01', 9.2, 100, 218, 'Aprovado'),
(222, '2022-06-01', 7.9, 100, 219, 'Aprovado'),
(223, '2022-06-01', 10, 100, 220, 'Aprovado'),
(224, '2022-06-01', 8.2, 100, 221, 'Aprovado'),
(225, '2022-06-01', 8.9, 100, 222, 'Aprovado'),
(226, '2022-06-01', 9.2, 100, 223, 'Aprovado'),
(227, '2022-12-01', 9.2, 100, 224, 'Aprovado'),
(228, '2022-12-01', 9, 100, 225, 'Aprovado'),
(229, '2022-12-01', 10, 100, 226, 'Aprovado'),
(230, '2022-12-01', 8, 100, 227, 'Aprovado'),
(231, '2022-12-01', 8.2, 100, 228, 'Aprovado'),
(232, '2022-12-01', 7.6, 100, 229, 'Aprovado'),
(233, '2023-01-01', 7.6, 100, 230, 'Aprovado'),
(234, '2023-01-01', 7, 100, 231, 'Aprovado'),
(235, '2023-01-01', 8.8, 100, 232, 'Aprovado'),
(236, '2023-01-01', 8.2, 100, 233, 'Aprovado'),
(237, '2023-01-01', 7.8, 100, 234, 'Aprovado'),
(238, '2023-06-01', 7.6, 100, 235, 'Aprovado'),
(239, '2023-06-01', 10, 100, 236, 'Aprovado'),
(240, '2023-06-01', 8.2, 100, 237, 'Aprovado'),
(241, '2023-06-01', 8.9, 100, 238, 'Aprovado'),
(242, '2023-06-01', 8.5, 100, 239, 'Aprovado'),
(243, '2023-06-01', 7.9, 100, 240, 'Aprovado'),
(244, '2023-12-01', 9.1, 100, 241, 'Aprovado'),
(245, '2023-12-01', 9.9, 100, 242, 'Aprovado'),
(246, '2023-12-01', 9.1, 100, 243, 'Aprovado'),
(247, '2023-12-01', 9.9, 100, 244, 'Aprovado'),
(248, '2023-12-01', 9, 100, 245, 'Aprovado'),
(249, '2023-12-01', 9.9, 100, 246, 'Aprovado'),
(250, '2024-06-01', 9.1, 100, 247, 'Aprovado'),
(251, '2024-06-01', 7.9, 100, 248, 'Aprovado'),
(252, '2024-06-01', 9.3, 100, 249, 'Aprovado'),
(253, '2024-06-01', 9.3, 100, 250, 'Aprovado'),
(254, '2022-06-01', 7.2, 101, 218, 'Aprovado'),
(255, '2022-06-01', 7.9, 101, 219, 'Aprovado'),
(256, '2022-06-01', 9, 101, 220, 'Aprovado'),
(257, '2022-06-01', 7.2, 101, 221, 'Aprovado'),
(258, '2022-06-01', 8.9, 101, 222, 'Aprovado'),
(259, '2022-06-01', 7.2, 101, 223, 'Aprovado'),
(260, '2022-12-01', 8.2, 101, 224, 'Aprovado'),
(261, '2022-12-01', 10, 101, 225, 'Aprovado'),
(262, '2022-12-01', 7.7, 101, 226, 'Aprovado'),
(263, '2022-12-01', 8, 101, 227, 'Aprovado'),
(264, '2022-12-01', 8.2, 101, 228, 'Aprovado'),
(265, '2022-12-01', 7.6, 101, 229, 'Aprovado'),
(266, '2023-01-01', 7.6, 101, 230, 'Aprovado'),
(267, '2023-01-01', 7, 101, 231, 'Aprovado'),
(268, '2023-01-01', 8.8, 101, 232, 'Aprovado'),
(269, '2023-01-01', 8.2, 101, 233, 'Aprovado'),
(270, '2023-01-01', 10, 101, 234, 'Aprovado'),
(271, '2023-06-01', 0, 101, 235, 'Reprovado'),
(272, '2023-06-01', 0, 101, 236, 'Reprovado'),
(273, '2023-06-01', 0, 101, 237, 'Reprovado'),
(274, '2023-06-01', 0, 101, 238, 'Reprovado'),
(275, '2023-06-01', 0, 101, 239, 'Reprovado'),
(276, '2023-06-01', 0, 101, 240, 'Reprovado'),
(277, '2023-12-01', 0, 101, 241, 'Reprovado'),
(278, '2023-12-01', 0, 101, 242, 'Reprovado'),
(279, '2023-12-01', 0, 101, 243, 'Reprovado'),
(280, '2023-12-01', 0, 101, 244, 'Reprovado'),
(281, '2023-12-01', 0, 101, 245, 'Reprovado'),
(282, '2023-12-01', 0, 101, 246, 'Reprovado'),
(283, '2024-06-01', 0, 101, 247, 'Reprovado'),
(284, '2024-06-01', 0, 101, 248, 'Reprovado'),
(285, '2024-06-01', 0, 101, 249, 'Reprovado'),
(286, '2024-06-01', 0, 101, 250, 'Reprovado'),
(287, '2018-06-20', 9.2, 102030, 343, 'Aprovado'),
(288, '2018-06-20', 8.3, 102030, 344, 'Aprovado'),
(289, '2018-06-20', 7.6, 102030, 345, 'Aprovado'),
(290, '2018-06-20', 8.3, 102030, 346, 'Aprovado'),
(291, '2018-06-20', 9.4, 102030, 347, 'Aprovado'),
(292, '2018-06-20', 8.3, 102030, 348, 'Aprovado'),
(293, '2018-11-14', 10, 102030, 349, 'Aprovado'),
(294, '2018-11-14', 8.3, 102030, 350, 'Aprovado'),
(295, '2018-11-14', 7.8, 102030, 351, 'Aprovado'),
(296, '2018-11-14', 7.6, 102030, 352, 'Aprovado'),
(297, '2018-11-14', 8.8, 102030, 353, 'Aprovado'),
(298, '2018-11-14', 9.2, 102030, 354, 'Aprovado'),
(299, '2019-05-10', 8.4, 102030, 355, 'Aprovado'),
(300, '2019-05-10', 8.3, 102030, 356, 'Aprovado'),
(301, '2019-05-10', 9.4, 102030, 357, 'Aprovado'),
(302, '2019-05-10', 8.3, 102030, 358, 'Aprovado'),
(303, '2019-05-10', 7.6, 102030, 359, 'Aprovado'),
(304, '2019-05-10', 7.8, 102030, 360, 'Aprovado'),
(305, '2019-05-10', 8.3, 102030, 361, 'Aprovado'),
(306, '2019-12-08', 8.3, 102030, 362, 'Aprovado'),
(307, '2019-12-08', 8.3, 102030, 363, 'Aprovado'),
(308, '2019-12-08', 7.8, 102030, 364, 'Aprovado'),
(309, '2019-12-08', 8.3, 102030, 365, 'Aprovado'),
(310, '2019-12-08', 7.6, 102030, 366, 'Aprovado'),
(311, '2019-12-08', 10, 102030, 367, 'Aprovado'),
(312, '2019-12-08', 8.3, 102030, 368, 'Aprovado'),
(313, '2019-12-08', 8.3, 102030, 369, 'Aprovado'),
(314, '2020-06-03', 10, 102030, 370, 'Aprovado'),
(315, '2020-06-03', 8.3, 102030, 371, 'Aprovado'),
(316, '2020-06-03', 9.2, 102030, 372, 'Aprovado'),
(317, '2020-06-03', 8.3, 102030, 373, 'Aprovado'),
(318, '2020-06-03', 8.4, 102030, 374, 'Aprovado'),
(319, '2020-06-03', 8.3, 102030, 375, 'Aprovado'),
(320, '2020-06-03', 10, 102030, 376, 'Aprovado'),
(321, '2020-11-28', 7.9, 102030, 377, 'Aprovado'),
(322, '2020-11-28', 8.7, 102030, 378, 'Aprovado'),
(323, '2020-11-28', 9.4, 102030, 379, 'Aprovado'),
(324, '2020-11-28', 8.3, 102030, 380, 'Aprovado'),
(325, '2020-11-28', 10, 102030, 381, 'Aprovado'),
(326, '2020-11-28', 8.3, 102030, 382, 'Aprovado'),
(327, '2020-11-28', 9.5, 102030, 383, 'Aprovado'),
(328, '2022-06-20', 8.3, 302010, 343, 'Aprovado'),
(329, '2022-06-20', 8.3, 302010, 344, 'Aprovado'),
(330, '2022-06-20', 7.6, 302010, 345, 'Aprovado'),
(331, '2022-06-20', 8.3, 302010, 346, 'Aprovado'),
(332, '2022-06-20', 9.4, 302010, 347, 'Aprovado'),
(333, '2022-06-20', 8.3, 302010, 348, 'Aprovado'),
(334, '2022-11-14', 10, 302010, 349, 'Aprovado'),
(335, '2022-11-14', 8.3, 302010, 350, 'Aprovado'),
(336, '2022-11-14', 7.8, 302010, 351, 'Aprovado'),
(337, '2022-11-14', 7.6, 302010, 352, 'Aprovado'),
(338, '2022-11-14', 8.8, 302010, 353, 'Aprovado'),
(339, '2022-11-14', 9.2, 302010, 354, 'Aprovado'),
(340, '2023-05-10', 8.4, 302010, 355, 'Aprovado'),
(341, '2023-05-10', 8.3, 302010, 356, 'Aprovado'),
(342, '2023-05-10', 9.4, 302010, 357, 'Aprovado'),
(343, '2023-05-10', 8.3, 302010, 358, 'Aprovado'),
(344, '2023-05-10', 7.6, 302010, 359, 'Aprovado'),
(345, '2023-05-10', 7.8, 302010, 360, 'Aprovado'),
(346, '2023-05-10', 8.3, 302010, 361, 'Aprovado'),
(347, '2019-02-20', 8, 302011, 575, 'Aprovado'),
(348, '2019-02-20', 8.1, 302011, 576, 'Aprovado'),
(349, '2019-02-20', 8.2, 302011, 577, 'Aprovado'),
(350, '2019-02-20', 8.3, 302011, 578, 'Aprovado'),
(351, '2019-02-20', 8.4, 302011, 579, 'Aprovado'),
(352, '2019-08-15', 8.5, 302011, 580, 'Aprovado'),
(353, '2019-08-15', 8.6, 302011, 581, 'Aprovado'),
(354, '2019-08-15', 8.7, 302011, 582, 'Aprovado'),
(355, '2019-08-15', 8.8, 302011, 583, 'Aprovado'),
(356, '2019-08-15', 8.9, 302011, 584, 'Aprovado'),
(357, '2020-02-21', 8.6, 302011, 585, 'Aprovado'),
(358, '2020-02-21', 8.7, 302011, 586, 'Aprovado'),
(359, '2020-02-21', 8.8, 302011, 587, 'Aprovado'),
(360, '2020-02-21', 8.9, 302011, 588, 'Aprovado'),
(361, '2020-02-21', 9, 302011, 589, 'Aprovado'),
(362, '2020-08-16', 8.6, 302011, 590, 'Aprovado'),
(363, '2020-08-16', 8.7, 302011, 591, 'Aprovado'),
(364, '2020-08-16', 8.8, 302011, 592, 'Aprovado'),
(365, '2020-08-16', 8.9, 302011, 593, 'Aprovado'),
(366, '2020-08-16', 9, 302011, 594, 'Aprovado'),
(367, '2021-02-22', 9, 302011, 595, 'Aprovado'),
(368, '2021-02-22', 9.1, 302011, 596, 'Aprovado'),
(369, '2021-02-22', 9.2, 302011, 597, 'Aprovado'),
(370, '2021-02-22', 9.3, 302011, 598, 'Aprovado'),
(371, '2021-02-22', 9.4, 302011, 599, 'Aprovado'),
(372, '2021-08-17', 9.5, 302011, 600, 'Aprovado'),
(373, '2021-08-17', 9.6, 302011, 601, 'Aprovado'),
(374, '2021-08-17', 9.7, 302011, 602, 'Aprovado'),
(375, '2021-08-17', 9.8, 302011, 603, 'Aprovado'),
(386, '2020-08-16', 7.5, 302012, 575, 'Aprovado'),
(387, '2020-08-16', 7.6, 302012, 576, 'Aprovado'),
(388, '2020-08-16', 7.7, 302012, 577, 'Aprovado'),
(389, '2020-08-16', 7.8, 302012, 578, 'Aprovado'),
(390, '2020-08-16', 7.9, 302012, 579, 'Aprovado'),
(391, '2021-02-22', 7.9, 302012, 580, 'Aprovado'),
(392, '2021-02-22', 7.8, 302012, 581, 'Aprovado'),
(393, '2021-02-22', 7.7, 302012, 582, 'Aprovado'),
(394, '2021-02-22', 7.6, 302012, 583, 'Aprovado'),
(395, '2021-02-22', 7.5, 302012, 584, 'Aprovado'),
(396, '2021-08-17', 8.9, 302012, 585, 'Aprovado'),
(397, '2021-08-17', 8.8, 302012, 586, 'Aprovado'),
(398, '2021-08-17', 8.7, 302012, 587, 'Aprovado'),
(399, '2021-08-17', 8.6, 302012, 588, 'Aprovado'),
(400, '2021-08-17', 8.5, 302012, 589, 'Aprovado'),
(401, '2018-02-22', 9.8, 302013, 384, 'Aprovado'),
(402, '2018-02-22', 10, 302013, 385, 'Aprovado'),
(403, '2018-02-22', 8.4, 302013, 386, 'Aprovado'),
(404, '2018-02-22', 8.98, 302013, 387, 'Aprovado'),
(405, '2018-02-22', 10, 302013, 388, 'Aprovado'),
(406, '2018-07-17', 7, 302013, 389, 'Aprovado'),
(407, '2018-02-17', 7.89, 302013, 390, 'Aprovado'),
(408, '2018-02-17', 9.5, 302013, 391, 'Aprovado'),
(409, '2018-02-17', 9.9, 302013, 392, 'Aprovado'),
(410, '2018-02-17', 10, 302013, 393, 'Aprovado'),
(411, '2019-02-22', 10, 302013, 394, 'Aprovado'),
(412, '2019-02-22', 10, 302013, 395, 'Aprovado'),
(413, '2019-02-22', 9.8, 302013, 396, 'Aprovado'),
(414, '2019-02-22', 7.1, 302013, 397, 'Aprovado'),
(415, '2019-02-22', 8, 302013, 398, 'Aprovado'),
(416, '2019-07-17', 10, 302013, 399, 'Aprovado'),
(417, '2019-07-17', 10, 302013, 400, 'Aprovado'),
(418, '2019-07-17', 8, 302013, 401, 'Aprovado'),
(419, '2019-07-17', 7, 302013, 402, 'Aprovado'),
(420, '2019-02-17', 9, 302013, 403, 'Aprovado'),
(421, '2020-02-22', 10, 302013, 404, 'Aprovado'),
(422, '2020-02-22', 8.1, 302013, 405, 'Aprovado'),
(423, '2020-02-22', 8.3, 302013, 406, 'Aprovado'),
(424, '2020-02-22', 7, 302013, 407, 'Aprovado'),
(425, '2020-02-22', 9.8, 302013, 408, 'Aprovado'),
(426, '2020-07-17', 7.1, 302013, 409, 'Aprovado'),
(427, '2020-07-17', 10, 302013, 410, 'Aprovado'),
(428, '2020-02-17', 9.8, 302013, 411, 'Aprovado'),
(429, '2020-02-22', 9.8, 302014, 384, 'Aprovado'),
(430, '2020-02-22', 10, 302014, 385, 'Aprovado'),
(431, '2020-02-22', 6, 302014, 386, 'Reprovado'),
(432, '2020-02-22', 3, 302014, 387, 'Reprovado'),
(433, '2020-02-22', 10, 302014, 388, 'Aprovado'),
(434, '2020-07-17', 7, 302014, 389, 'Aprovado'),
(435, '2020-02-17', 7.89, 302014, 390, 'Aprovado'),
(436, '2020-02-17', 9.5, 302014, 391, 'Aprovado'),
(437, '2020-02-17', 9.9, 302014, 392, 'Aprovado'),
(438, '2020-02-17', 10, 302014, 393, 'Aprovado'),
(439, '2021-02-22', 10, 302014, 394, 'Aprovado'),
(440, '2021-02-22', 10, 302014, 395, 'Aprovado'),
(441, '2021-02-22', 9.8, 302014, 396, 'Aprovado'),
(442, '2021-02-22', 7.1, 302014, 397, 'Aprovado'),
(443, '2021-02-22', 8, 302014, 398, 'Aprovado'),
(444, '2021-07-17', 10, 302014, 399, 'Aprovado'),
(445, '2021-07-17', 10, 302014, 400, 'Aprovado'),
(446, '2021-07-17', 8, 302014, 401, 'Aprovado'),
(447, '2021-07-17', 7, 302014, 402, 'Aprovado'),
(448, '2021-02-17', 4.98, 302014, 403, 'Reprovado'),
(469, '2020-04-17', 7.9, 302017, 283, 'Aprovado'),
(470, '2020-04-17', 8, 302017, 284, 'Aprovado'),
(471, '2020-04-18', 9.5, 302017, 293, 'Aprovado'),
(472, '2020-04-18', 8.4, 302017, 294, 'Aprovado'),
(473, '2020-04-19', 9.1, 302017, 295, 'Aprovado'),
(474, '2020-11-20', 9.4, 302017, 296, 'Aprovado'),
(475, '2020-11-20', 8.2, 302017, 297, 'Aprovado'),
(476, '2020-11-21', 7.4, 302017, 298, 'Aprovado'),
(477, '2020-11-21', 8.9, 302017, 299, 'Aprovado'),
(478, '2020-11-22', 9.1, 302017, 300, 'Aprovado'),
(479, '2021-05-17', 8.9, 302017, 412, 'Aprovado'),
(480, '2021-05-17', 8.2, 302017, 413, 'Aprovado'),
(481, '2021-05-18', 9.5, 302017, 414, 'Aprovado'),
(482, '2021-05-18', 7.5, 302017, 415, 'Aprovado'),
(483, '2021-05-19', 7.9, 302017, 416, 'Aprovado'),
(484, '2021-11-20', 9.4, 302017, 417, 'Aprovado'),
(485, '2021-11-20', 8.7, 302017, 418, 'Aprovado'),
(486, '2021-11-21', 9.1, 302017, 419, 'Aprovado'),
(487, '2021-11-21', 8.2, 302017, 420, 'Aprovado'),
(488, '2021-11-22', 7.8, 302017, 421, 'Aprovado'),
(489, '2021-11-22', 9.3, 302017, 422, 'Aprovado'),
(490, '2022-04-17', 8, 302017, 495, 'Aprovado'),
(491, '2022-04-17', 7.2, 302017, 496, 'Aprovado'),
(492, '2022-04-18', 7.5, 302017, 497, 'Aprovado'),
(493, '2022-04-18', 9.5, 302017, 498, 'Aprovado'),
(494, '2022-04-19', 8.9, 302017, 499, 'Aprovado'),
(495, '2022-04-19', 9.9, 302017, 500, 'Aprovado'),
(496, '2022-11-22', 9, 302017, 501, 'Aprovado'),
(497, '2022-11-22', 8.7, 302017, 502, 'Aprovado'),
(498, '2022-11-23', 8.1, 302017, 503, 'Aprovado'),
(499, '2022-11-23', 8.4, 302017, 504, 'Aprovado'),
(500, '2022-11-24', 9.1, 302017, 505, 'Aprovado'),
(501, '2022-04-17', 7.4, 302018, 283, 'Aprovado'),
(502, '2022-04-17', 8.6, 302018, 284, 'Aprovado'),
(503, '2022-04-18', 9.1, 302018, 293, 'Aprovado'),
(504, '2022-04-18', 4.6, 302018, 294, 'Reprovado'),
(505, '2022-04-19', 8.1, 302018, 295, 'Aprovado'),
(506, '2022-11-20', 9.4, 302018, 296, 'Aprovado'),
(507, '2022-11-20', 8.2, 302018, 297, 'Aprovado'),
(508, '2022-11-21', 7.2, 302018, 298, 'Aprovado'),
(509, '2022-11-21', 8.9, 302018, 299, 'Aprovado'),
(510, '2022-11-22', 9.2, 302018, 300, 'Aprovado'),
(511, '2023-05-17', 8.8, 302018, 412, 'Aprovado'),
(512, '2023-05-17', 8.1, 302018, 413, 'Aprovado'),
(513, '2023-05-18', 7.5, 302018, 414, 'Aprovado'),
(514, '2023-05-18', 7.2, 302018, 415, 'Aprovado'),
(515, '2023-05-19', 3.9, 302018, 416, 'Reprovado'),
(516, '2019-11-23', 9.5, 302019, 285, 'Aprovado'),
(517, '2019-11-23', 8, 302019, 301, 'Aprovado'),
(518, '2019-11-23', 7.5, 302019, 547, 'Aprovado'),
(519, '2019-11-23', 9, 302019, 548, 'Aprovado'),
(520, '2019-11-23', 9.5, 302019, 549, 'Aprovado'),
(521, '2019-11-23', 9.5, 302019, 550, 'Aprovado'),
(522, '2020-05-23', 8, 302019, 551, 'Aprovado'),
(523, '2020-05-23', 7, 302019, 552, 'Aprovado'),
(524, '2020-05-23', 9, 302019, 553, 'Aprovado'),
(525, '2020-05-23', 10, 302019, 554, 'Aprovado'),
(526, '2020-05-23', 8.5, 302019, 555, 'Aprovado'),
(527, '2020-11-23', 7.5, 302019, 556, 'Aprovado'),
(528, '2020-11-23', 8, 302019, 557, 'Aprovado'),
(529, '2020-11-23', 9, 302019, 558, 'Aprovado'),
(530, '2020-11-23', 6, 302019, 559, 'Reprovado'),
(531, '2020-11-23', 4, 302019, 560, 'Reprovado'),
(532, '2019-11-23', 9.5, 302020, 285, 'Aprovado'),
(533, '2019-11-23', 8, 302020, 301, 'Aprovado'),
(534, '2019-11-23', 7.5, 302020, 547, 'Aprovado'),
(535, '2019-11-23', 9, 302020, 548, 'Aprovado'),
(536, '2019-11-23', 9.5, 302020, 549, 'Aprovado'),
(537, '2019-11-23', 9.5, 302020, 550, 'Aprovado'),
(538, '2020-05-23', 8, 302020, 551, 'Aprovado'),
(539, '2020-05-23', 7, 302020, 552, 'Aprovado'),
(540, '2020-05-23', 9, 302020, 553, 'Aprovado'),
(541, '2020-05-23', 10, 302020, 554, 'Aprovado'),
(542, '2020-05-23', 8.5, 302020, 555, 'Aprovado'),
(543, '2020-11-23', 7.5, 302020, 556, 'Aprovado'),
(544, '2020-11-23', 8, 302020, 557, 'Aprovado'),
(545, '2020-11-23', 9, 302020, 558, 'Aprovado'),
(546, '2020-11-23', 7, 302020, 559, 'Aprovado'),
(552, '2020-11-23', 8, 302020, 560, 'Aprovado'),
(553, '2021-05-23', 9.5, 302020, 561, 'Aprovado'),
(554, '2021-05-23', 8, 302020, 562, 'Aprovado'),
(555, '2021-05-23', 7.5, 302020, 563, 'Aprovado'),
(556, '2021-05-23', 9, 302020, 564, 'Aprovado'),
(557, '2021-05-23', 9.5, 302020, 565, 'Aprovado'),
(558, '2021-05-23', 9.5, 302020, 566, 'Aprovado'),
(559, '2021-11-23', 8, 302020, 567, 'Aprovado'),
(560, '2021-11-23', 7, 302020, 568, 'Aprovado'),
(561, '2021-11-23', 9, 302020, 569, 'Aprovado'),
(562, '2021-11-23', 10, 302020, 570, 'Aprovado'),
(563, '2021-11-23', 8.5, 302020, 571, 'Aprovado'),
(564, '2022-05-23', 7.5, 302020, 572, 'Aprovado'),
(565, '2022-05-23', 8, 302020, 573, 'Aprovado'),
(566, '2022-05-23', 9, 302020, 574, 'Aprovado'),
(980, '2021-07-20', 7, 302016, 428, 'Aprovado'),
(981, '2021-08-21', 9, 302015, 429, 'Aprovado'),
(982, '2021-08-21', 7, 302016, 429, 'Aprovado'),
(983, '2021-09-22', 8, 302015, 430, 'Aprovado'),
(984, '2021-09-21', 9, 302016, 430, 'Aprovado'),
(985, '2021-10-21', 9, 302015, 431, 'Aprovado'),
(986, '2021-10-20', 9, 302016, 431, 'Aprovado'),
(987, '2021-11-21', 7, 302015, 432, 'Aprovado'),
(988, '2021-11-22', 7, 302016, 432, 'Aprovado'),
(989, '2021-12-20', 8, 302015, 433, 'Aprovado'),
(990, '2021-12-21', 8, 302016, 433, 'Aprovado'),
(991, '2021-01-21', 7.1, 302015, 434, 'Aprovado'),
(992, '2021-01-21', 7.1, 302016, 434, 'Aprovado'),
(993, '2022-01-22', 7.9, 302015, 435, 'Aprovado'),
(994, '2022-01-22', 7.9, 302016, 435, 'Aprovado'),
(995, '2022-02-22', 7.8, 302015, 436, 'Aprovado'),
(996, '2022-02-22', 7.8, 302016, 436, 'Aprovado'),
(997, '2022-03-22', 7, 302015, 437, 'Aprovado'),
(998, '2022-03-22', 7, 302016, 437, 'Aprovado'),
(999, '2022-04-22', 8, 302015, 438, 'Aprovado'),
(1000, '2022-04-22', 7.2, 302016, 438, 'Aprovado'),
(1001, '2022-05-22', 7.8, 302015, 439, 'Aprovado'),
(1002, '2022-05-20', 7.6, 302016, 439, 'Aprovado'),
(1003, '2022-06-22', 7.6, 302015, 440, 'Aprovado'),
(1004, '2022-06-22', 7.7, 302016, 440, 'Aprovado'),
(1005, '2022-07-22', 8, 302015, 441, 'Aprovado'),
(1006, '2022-07-22', 8, 302016, 441, 'Aprovado'),
(1007, '2022-08-22', 7, 302015, 442, 'Aprovado'),
(1008, '2022-08-22', 7, 302016, 442, 'Aprovado'),
(1009, '2022-09-22', 7.8, 302015, 443, 'Aprovado'),
(1010, '2022-09-22', 7.9, 302016, 443, 'Aprovado'),
(1011, '2022-10-22', 7, 302015, 444, 'Aprovado'),
(1012, '2022-10-22', 8, 302016, 444, 'Aprovado'),
(1013, '2022-11-22', 9, 302015, 445, 'Aprovado'),
(1014, '2022-11-22', 9.5, 302016, 445, 'Aprovado'),
(1015, '2022-12-22', 10, 302015, 446, 'Aprovado'),
(1016, '2022-12-22', 10, 302016, 446, 'Aprovado'),
(1017, '2023-03-23', 10, 302015, 447, 'Aprovado'),
(1018, '2023-03-23', 10, 302016, 447, 'Aprovado'),
(1019, '2023-02-23', 10, 302015, 448, 'Aprovado'),
(1020, '2023-02-23', 10, 302016, 448, 'Aprovado'),
(1021, '2023-03-23', 10, 302015, 449, 'Aprovado'),
(1022, '2023-03-23', 7, 302016, 449, 'Aprovado'),
(1023, '2023-04-23', 8, 302015, 450, 'Aprovado'),
(1024, '2023-04-23', 7, 302016, 450, 'Aprovado'),
(1025, '2023-05-23', 7, 302015, 451, 'Aprovado'),
(1026, '2023-05-23', 7, 302016, 451, 'Aprovado'),
(1027, '2023-06-23', 10, 302015, 452, 'Aprovado'),
(1028, '2023-06-23', 4, 302016, 452, 'Reprovado'),
(1029, '2023-07-23', 9, 302015, 453, 'Aprovado'),
(1030, '2023-07-23', 1, 302016, 453, 'Reprovado'),
(1031, '2023-08-23', 8, 302015, 454, 'Aprovado'),
(1032, '2023-08-23', 2, 302016, 454, 'Reprovado'),
(1033, '2023-09-23', 8, 302015, 455, 'Aprovado'),
(1034, '2023-09-20', 0, 302016, 455, 'Reprovado'),
(1035, '2023-10-20', 9, 302015, 456, 'Aprovado'),
(1036, '2023-10-23', 1, 302016, 456, 'Reprovado'),
(1037, '2023-11-23', 7, 302015, 457, 'Aprovado'),
(1038, '2023-11-20', 1, 302016, 457, 'Reprovado'),
(1039, '2023-12-20', 10, 302015, 458, 'Aprovado'),
(1040, '2023-12-20', 4, 302016, 458, 'Reprovado'),
(1041, '2024-02-24', 7, 302015, 459, 'Aprovado'),
(1042, '2024-02-20', 4, 302016, 459, 'Reprovado'),
(1043, '2024-03-24', 9, 302015, 460, 'Aprovado'),
(1044, '2024-03-24', 3, 302016, 460, 'Reprovado'),
(1045, '2024-04-24', 10, 302015, 461, 'Aprovado'),
(1046, '2024-04-24', 4, 302016, 461, 'Reprovado'),
(1047, '2024-05-24', 9, 302015, 462, 'Aprovado'),
(1048, '2024-05-24', 0, 302016, 462, 'Reprovado'),
(1049, '2024-06-24', 7, 302015, 463, 'Aprovado'),
(1050, '2024-06-24', 1, 302016, 463, 'Reprovado'),
(1051, '2024-07-24', 10, 302015, 464, 'Aprovado'),
(1052, '2024-07-24', 4, 302016, 464, 'Reprovado'),
(1053, '2019-01-01', 8, 302023, 515, 'Aprovado'),
(1054, '2019-01-01', 7, 302023, 516, 'Aprovado'),
(1055, '2019-01-01', 8.3, 302023, 517, 'Aprovado'),
(1056, '2019-01-01', 7.5, 302023, 518, 'Aprovado'),
(1057, '2019-01-01', 8, 302023, 519, 'Aprovado'),
(1058, '2019-07-01', 9.2, 302023, 520, 'Aprovado'),
(1059, '2019-07-01', 8.4, 302023, 521, 'Aprovado'),
(1060, '2019-07-01', 7.1, 302023, 522, 'Aprovado'),
(1061, '2019-07-01', 7.4, 302023, 523, 'Aprovado'),
(1062, '2019-07-01', 8.9, 302023, 524, 'Aprovado'),
(1063, '2020-01-01', 7, 302023, 525, 'Aprovado'),
(1064, '2020-01-01', 9.2, 302023, 526, 'Aprovado'),
(1065, '2020-01-01', 9.4, 302023, 527, 'Aprovado'),
(1066, '2020-01-01', 7.8, 302023, 528, 'Aprovado'),
(1067, '2020-01-01', 7, 302023, 529, 'Aprovado'),
(1068, '2020-07-01', 8.7, 302023, 530, 'Aprovado'),
(1069, '2020-07-01', 10, 302023, 531, 'Aprovado'),
(1070, '2020-07-01', 8.8, 302023, 532, 'Aprovado'),
(1071, '2020-07-01', 8.1, 302023, 533, 'Aprovado'),
(1072, '2020-07-01', 7.4, 302023, 534, 'Aprovado'),
(1073, '2020-07-01', 7.6, 302023, 535, 'Aprovado'),
(1074, '2021-01-01', 7.7, 302023, 536, 'Aprovado'),
(1075, '2021-01-01', 8.1, 302023, 537, 'Aprovado'),
(1076, '2021-01-01', 9.4, 302023, 538, 'Aprovado'),
(1077, '2021-01-01', 9.6, 302023, 539, 'Aprovado'),
(1078, '2021-01-01', 9.9, 302023, 540, 'Aprovado'),
(1079, '2021-01-01', 7.2, 302023, 541, 'Aprovado'),
(1080, '2021-07-01', 7.5, 302023, 542, 'Aprovado'),
(1081, '2021-07-01', 8.7, 302023, 543, 'Aprovado'),
(1082, '2021-07-01', 7.6, 302023, 544, 'Aprovado'),
(1083, '2021-07-01', 7.1, 302023, 545, 'Aprovado'),
(1084, '2021-07-01', 7.2, 302023, 546, 'Aprovado'),
(1085, '2021-01-01', 8.1, 302024, 515, 'Aprovado'),
(1086, '2021-01-01', 8.7, 302024, 516, 'Aprovado'),
(1087, '2021-01-01', 7.2, 302024, 517, 'Aprovado'),
(1088, '2021-01-01', 7.7, 302024, 518, 'Aprovado'),
(1089, '2021-01-01', 7.8, 302024, 519, 'Aprovado'),
(1090, '2021-07-01', 8.7, 302024, 520, 'Aprovado'),
(1091, '2021-07-01', 8, 302024, 521, 'Aprovado'),
(1092, '2021-07-01', 9, 302024, 522, 'Aprovado'),
(1093, '2021-07-01', 10, 302024, 523, 'Aprovado'),
(1094, '2021-07-01', 8.7, 302024, 524, 'Aprovado'),
(1095, '2022-01-01', 8.3, 302024, 525, 'Aprovado'),
(1096, '2022-01-01', 7.9, 302024, 526, 'Aprovado'),
(1097, '2022-01-01', 8.9, 302024, 527, 'Aprovado'),
(1098, '2022-01-01', 7, 302024, 528, 'Aprovado'),
(1099, '2022-01-01', 8, 302024, 529, 'Aprovado'),
(1100, '2022-07-01', 9, 302024, 530, 'Aprovado'),
(1101, '2022-07-01', 9.1, 302024, 531, 'Aprovado'),
(1102, '2022-07-01', 9.7, 302024, 532, 'Aprovado'),
(1103, '2022-07-01', 9.8, 302024, 533, 'Aprovado'),
(1104, '2022-07-01', 8.8, 302024, 534, 'Aprovado'),
(1105, '2022-07-01', 8.1, 302024, 535, 'Aprovado'),
(1106, '2023-01-01', 7.7, 302024, 536, 'Aprovado'),
(1107, '2023-01-01', 7.5, 302024, 537, 'Aprovado'),
(1108, '2023-01-01', 8.5, 302024, 538, 'Aprovado'),
(1109, '2023-01-01', 8.6, 302024, 539, 'Aprovado'),
(1110, '2023-01-01', 7.2, 302024, 540, 'Aprovado'),
(1111, '2023-01-01', 9.5, 302024, 541, 'Aprovado'),
(1112, '2021-01-20', 7, 2201, 465, 'Aprovado'),
(1113, '2021-01-20', 8, 2201, 466, 'Aprovado'),
(1114, '2021-01-20', 9, 2201, 467, 'Aprovado'),
(1115, '2021-01-20', 9, 2201, 468, 'Aprovado'),
(1116, '2021-01-20', 8, 2201, 469, 'Aprovado'),
(1117, '2021-01-20', 7, 2201, 470, 'Aprovado'),
(1118, '2021-01-20', 7, 2201, 471, 'Aprovado'),
(1119, '2021-01-20', 7, 2201, 472, 'Aprovado'),
(1120, '2021-01-20', 8, 2201, 473, 'Aprovado'),
(1121, '2021-01-20', 9, 2201, 474, 'Aprovado'),
(1122, '2021-01-20', 7, 2201, 475, 'Aprovado'),
(1123, '2021-07-20', 7, 2201, 476, 'Aprovado'),
(1124, '2021-07-20', 7, 2201, 477, 'Aprovado'),
(1125, '2021-07-20', 9, 2201, 478, 'Aprovado'),
(1126, '2021-07-20', 8, 2201, 479, 'Aprovado'),
(1127, '2021-07-20', 7, 2201, 480, 'Aprovado'),
(1128, '2021-07-20', 7, 2201, 481, 'Aprovado'),
(1129, '2021-07-20', 9, 2201, 482, 'Aprovado'),
(1130, '2021-07-20', 7, 2201, 483, 'Aprovado'),
(1131, '2021-07-20', 7, 2201, 484, 'Aprovado'),
(1132, '2021-07-20', 7, 2201, 485, 'Aprovado'),
(1141, '2022-01-20', 8, 2201, 486, 'Aprovado'),
(1142, '2022-01-20', 8, 2201, 487, 'Aprovado'),
(1143, '2022-01-20', 8, 2201, 488, 'Aprovado'),
(1144, '2022-01-20', 8, 2201, 489, 'Aprovado'),
(1145, '2022-01-20', 7, 2201, 490, 'Aprovado'),
(1146, '2022-01-20', 7, 2201, 491, 'Aprovado'),
(1147, '2022-01-20', 9, 2201, 492, 'Aprovado'),
(1148, '2022-01-20', 9, 2201, 493, 'Aprovado'),
(1149, '2022-01-20', 9, 2201, 494, 'Aprovado'),
(1150, '2022-01-20', 7, 2202, 465, 'Aprovado'),
(1151, '2022-01-20', 8, 2202, 466, 'Aprovado'),
(1152, '2022-01-20', 9, 2202, 467, 'Aprovado'),
(1153, '2022-01-20', 9, 2202, 468, 'Aprovado'),
(1154, '2022-01-20', 8, 2202, 469, 'Aprovado'),
(1155, '2021-01-20', 7, 2202, 470, 'Aprovado'),
(1156, '2022-01-20', 7, 2202, 471, 'Aprovado'),
(1157, '2022-01-20', 7, 2202, 472, 'Aprovado'),
(1158, '2022-01-20', 7, 2202, 473, 'Aprovado'),
(1159, '2022-01-20', 9, 2202, 474, 'Aprovado'),
(1160, '2022-01-20', 8, 2202, 475, 'Aprovado'),
(1161, '2022-07-01', 7, 2202, 476, 'Aprovado'),
(1162, '2022-07-01', 8, 2202, 477, 'Aprovado'),
(1163, '2022-07-01', 7, 2202, 478, 'Aprovado'),
(1164, '2022-07-01', 7, 2202, 479, 'Aprovado'),
(1165, '2022-07-01', 9, 2202, 480, 'Aprovado'),
(1166, '2022-07-01', 9, 2202, 481, 'Aprovado'),
(1167, '2022-07-01', 8, 2202, 482, 'Aprovado'),
(1168, '2022-07-01', 8, 2202, 483, 'Aprovado'),
(1169, '2022-07-01', 7, 2202, 484, 'Aprovado'),
(1170, '2022-07-01', 7, 2202, 485, 'Aprovado'),
(1192, '2023-01-20', 0, 2202, 486, 'Matriculado'),
(1193, '2023-01-20', 0, 2202, 487, 'Matriculado'),
(1194, '2023-01-20', 0, 2202, 488, 'Matriculado'),
(1195, '2023-01-20', 0, 2202, 489, 'Matriculado'),
(1196, '2023-01-20', 0, 2202, 490, 'Matriculado'),
(1197, '2023-01-20', 0, 2202, 491, 'Matriculado'),
(1198, '2023-01-20', 0, 2202, 492, 'Matriculado'),
(1199, '2023-01-20', 0, 2202, 493, 'Matriculado'),
(1200, '2023-01-20', 0, 2202, 494, 'Matriculado'),
(1201, '2014-02-14', 9, 302028, 666, 'Aprovado'),
(1202, '2014-02-14', 8, 302028, 667, 'Aprovado'),
(1203, '2014-02-14', 8.5, 302028, 668, 'Aprovado'),
(1204, '2014-02-14', 7.5, 302028, 669, 'Aprovado'),
(1205, '2014-02-14', 8, 302028, 670, 'Aprovado'),
(1206, '2014-02-14', 9, 302028, 671, 'Aprovado'),
(1207, '2014-07-14', 8, 302028, 672, 'Aprovado'),
(1208, '2014-07-14', 9, 302028, 673, 'Aprovado'),
(1209, '2014-07-14', 10, 302028, 674, 'Aprovado'),
(1210, '2014-07-14', 7, 302028, 675, 'Aprovado'),
(1211, '2014-07-14', 9, 302028, 676, 'Aprovado'),
(1212, '2014-07-14', 5, 302028, 677, 'Reprovado'),
(1213, '2015-02-14', 9, 302028, 678, 'Aprovado'),
(1214, '2015-02-14', 8, 302028, 679, 'Aprovado'),
(1215, '2015-02-14', 9.5, 302028, 680, 'Aprovado'),
(1216, '2015-02-14', 7.5, 302028, 677, 'Aprovado'),
(1217, '2015-02-14', 8, 302028, 681, 'Aprovado'),
(1218, '2015-02-14', 7.5, 302028, 682, 'Aprovado'),
(1219, '2015-02-14', 8, 302028, 683, 'Aprovado'),
(1220, '2015-08-14', 9.5, 302028, 684, 'Aprovado'),
(1221, '2015-08-14', 7, 302028, 685, 'Aprovado'),
(1222, '2015-08-14', 7, 302028, 686, 'Aprovado'),
(1223, '2015-08-14', 8, 302028, 687, 'Aprovado'),
(1224, '2015-08-14', 9.5, 302028, 688, 'Aprovado'),
(1225, '2015-08-14', 9, 302028, 689, 'Aprovado'),
(1226, '2016-02-15', 9, 302028, 690, 'Aprovado'),
(1227, '2016-02-15', 9, 302028, 691, 'Aprovado'),
(1228, '2016-02-15', 9, 302028, 692, 'Aprovado'),
(1229, '2016-02-15', 9, 302028, 693, 'Aprovado'),
(1230, '2016-02-15', 9, 302028, 694, 'Aprovado'),
(1231, '2016-02-15', 9, 302028, 695, 'Aprovado'),
(1232, '2016-02-15', 9, 302028, 696, 'Aprovado'),
(1233, '2016-08-15', 9, 302028, 697, 'Aprovado'),
(1234, '2016-08-15', 9, 302028, 698, 'Aprovado'),
(1235, '2016-08-15', 9, 302028, 699, 'Aprovado'),
(1236, '2016-08-15', 9, 302028, 700, 'Aprovado'),
(1237, '2016-08-15', 9, 302028, 701, 'Aprovado'),
(1238, '2016-08-15', 9, 302028, 702, 'Aprovado'),
(1239, '2022-02-14', 7.5, 302027, 666, 'Aprovado'),
(1240, '2022-02-14', 8, 302027, 667, 'Aprovado'),
(1241, '2022-02-14', 9, 302027, 668, 'Aprovado'),
(1242, '2022-02-14', 9.5, 302027, 669, 'Aprovado'),
(1243, '2022-02-14', 8.5, 302027, 670, 'Aprovado'),
(1244, '2022-02-14', 8.7, 302027, 671, 'Aprovado'),
(1245, '2022-08-14', 8, 302027, 672, 'Aprovado'),
(1246, '2022-08-14', 8.3, 302027, 673, 'Aprovado'),
(1247, '2022-08-14', 7, 302027, 674, 'Aprovado'),
(1248, '2022-08-14', 10, 302027, 675, 'Aprovado'),
(1249, '2022-08-14', 9, 302027, 676, 'Aprovado'),
(1250, '2022-08-14', 8, 302027, 677, 'Aprovado'),
(1251, '2023-02-14', 9, 302027, 678, 'Aprovado'),
(1252, '2023-02-14', 7, 302027, 679, 'Aprovado'),
(1253, '2023-02-14', 7, 302027, 680, 'Aprovado'),
(1254, '2023-02-14', 9.7, 302027, 681, 'Aprovado'),
(1255, '2023-02-14', 9, 302027, 682, 'Aprovado'),
(1256, '2023-02-14', 8, 302027, 683, 'Aprovado'),
(1257, '2022-01-01', 9.5, 302021, 286, 'Aprovado'),
(1258, '2022-01-01', 7.5, 302021, 287, 'Aprovado'),
(1259, '2022-01-01', 6.5, 302021, 288, 'Aprovado'),
(1260, '2022-01-01', 7.5, 302021, 289, 'Aprovado'),
(1261, '2022-01-01', 8.5, 302021, 290, 'Aprovado'),
(1262, '2022-01-01', 7, 302021, 291, 'Aprovado'),
(1263, '2022-06-01', 9.5, 302021, 292, 'Aprovado'),
(1264, '2022-06-01', 7.5, 302021, 506, 'Aprovado'),
(1265, '2022-06-01', 3.5, 302021, 507, 'Reprovado'),
(1266, '2022-06-01', 6, 302021, 507, 'Aprovado'),
(1267, '2022-06-01', 7.5, 302021, 508, 'Aprovado'),
(1268, '2022-06-01', 8, 302021, 509, 'Aprovado'),
(1269, '2023-01-01', 9, 302021, 511, 'Aprovado'),
(1270, '2023-01-01', 8, 302021, 512, 'Aprovado'),
(1271, '2023-01-01', 9, 302021, 513, 'Aprovado'),
(1272, '2023-01-01', 7, 302021, 604, 'Aprovado'),
(1273, '2023-01-01', 6.5, 302021, 605, 'Aprovado'),
(1274, '2023-01-01', 5, 302021, 606, 'Aprovado'),
(1275, '2023-06-01', 6, 302021, 607, 'Aprovado'),
(1276, '2023-06-01', 7.5, 302021, 608, 'Aprovado'),
(1277, '2023-06-01', 6.5, 302021, 609, 'Aprovado'),
(1278, '2023-06-01', 8.5, 302021, 610, 'Aprovado'),
(1279, '2023-06-01', 5.5, 302021, 611, 'Aprovado'),
(1280, '2023-06-01', 5.5, 302021, 612, 'Aprovado'),
(1281, '2024-01-01', 2.5, 302021, 613, 'Reprovado'),
(1282, '2024-01-01', 7.5, 302021, 614, 'Aprovado'),
(1283, '2022-01-01', 9.5, 302022, 286, 'Aprovado'),
(1284, '2022-01-01', 7.5, 302022, 287, 'Aprovado'),
(1285, '2022-01-01', 6.5, 302022, 288, 'Aprovado'),
(1286, '2022-01-01', 7.5, 302022, 289, 'Aprovado'),
(1287, '2022-01-01', 8.5, 302022, 290, 'Aprovado'),
(1288, '2022-01-01', 7, 302022, 291, 'Aprovado'),
(1289, '2022-06-01', 9.5, 302022, 292, 'Aprovado'),
(1290, '2022-06-01', 7.5, 302022, 506, 'Aprovado'),
(1291, '2022-06-01', 8.5, 302022, 507, 'Aprovado'),
(1292, '2022-06-01', 7.5, 302022, 508, 'Aprovado'),
(1293, '2022-06-01', 8, 302022, 509, 'Aprovado'),
(1294, '2023-01-01', 9, 302022, 511, 'Aprovado'),
(1295, '2023-01-01', 8, 302022, 512, 'Aprovado'),
(1296, '2023-01-01', 5.5, 302022, 513, 'Aprovado'),
(1297, '2023-01-01', 7.5, 302022, 604, 'Aprovado'),
(1298, '2023-01-01', 5.5, 302022, 605, 'Aprovado'),
(1299, '2023-01-01', 6.5, 302022, 606, 'Aprovado'),
(1300, '2023-06-01', 7, 302022, 607, 'Aprovado'),
(1301, '2023-06-01', 8, 302022, 608, 'Aprovado'),
(1302, '2023-06-01', 9, 302022, 609, 'Aprovado'),
(1303, '2023-06-01', 10, 302022, 610, 'Aprovado'),
(1304, '2023-06-01', 8, 302022, 611, 'Aprovado'),
(1305, '2023-06-01', 7, 302022, 612, 'Aprovado'),
(1306, '2024-01-01', 7.5, 302022, 613, 'Aprovado'),
(1307, '2024-01-01', 5.5, 302022, 614, 'Aprovado'),
(1308, '2010-03-14', 8, 302029, 703, 'Aprovado'),
(1309, '2010-03-14', 10, 302029, 704, 'Aprovado'),
(1310, '2010-03-14', 7, 302029, 705, 'Aprovado'),
(1311, '2010-03-14', 9, 302029, 706, 'Aprovado'),
(1312, '2010-03-14', 8.2, 302029, 707, 'Aprovado'),
(1313, '2010-03-14', 8.3, 302029, 708, 'Aprovado'),
(1314, '2010-07-15', 8.4, 302029, 709, 'Aprovado'),
(1315, '2010-07-15', 7.5, 302029, 710, 'Aprovado'),
(1316, '2010-07-15', 10, 302029, 711, 'Aprovado'),
(1317, '2010-07-15', 10, 302029, 712, 'Aprovado'),
(1318, '2010-07-15', 8, 302029, 713, 'Aprovado'),
(1319, '2010-07-15', 8, 302029, 714, 'Aprovado'),
(1320, '2011-03-14', 8, 302029, 715, 'Aprovado'),
(1321, '2011-03-14', 8, 302029, 716, 'Aprovado'),
(1322, '2011-03-14', 9.2, 302029, 717, 'Aprovado'),
(1323, '2011-03-14', 8.3, 302029, 718, 'Aprovado'),
(1324, '2011-03-14', 8.9, 302029, 719, 'Aprovado'),
(1325, '2011-03-14', 9.3, 302029, 720, 'Aprovado'),
(1326, '2011-07-15', 7.3, 302029, 721, 'Aprovado'),
(1327, '2011-07-15', 10, 302029, 722, 'Aprovado'),
(1328, '2011-07-15', 9.5, 302029, 723, 'Aprovado'),
(1329, '2011-07-15', 9.5, 302029, 724, 'Aprovado'),
(1330, '2011-07-15', 8, 302029, 725, 'Aprovado'),
(1331, '2011-07-15', 8, 302029, 726, 'Aprovado'),
(1332, '2012-03-14', 8, 302029, 727, 'Aprovado'),
(1333, '2012-03-14', 8, 302029, 728, 'Aprovado'),
(1334, '2012-03-14', 8, 302029, 729, 'Aprovado'),
(1335, '2012-03-14', 8.3, 302029, 730, 'Aprovado'),
(1336, '2012-03-14', 8.7, 302029, 731, 'Aprovado'),
(1337, '2012-03-14', 8.6, 302029, 732, 'Aprovado'),
(1338, '2012-03-14', 9.8, 302029, 733, 'Aprovado'),
(1339, '2012-07-15', 9.9, 302029, 734, 'Aprovado'),
(1340, '2012-07-15', 10, 302029, 735, 'Aprovado'),
(1341, '2012-07-15', 8, 302029, 736, 'Aprovado'),
(1342, '2012-07-15', 8, 302029, 737, 'Aprovado'),
(1343, '2012-07-15', 8, 302029, 738, 'Aprovado'),
(1344, '2012-07-15', 7.5, 302029, 739, 'Aprovado'),
(1345, '2012-07-15', 9, 302029, 740, 'Aprovado'),
(1346, '2014-03-14', 8, 302030, 703, 'Aprovado'),
(1347, '2014-03-14', 10, 302030, 704, 'Aprovado'),
(1348, '2014-03-14', 7, 302030, 705, 'Aprovado'),
(1349, '2014-03-14', 9, 302030, 706, 'Aprovado'),
(1350, '2014-03-14', 8.2, 302030, 707, 'Aprovado'),
(1351, '2014-03-14', 8.3, 302030, 708, 'Aprovado'),
(1352, '2014-07-15', 8.4, 302030, 709, 'Aprovado'),
(1353, '2014-07-15', 7.5, 302030, 710, 'Aprovado'),
(1354, '2014-07-15', 10, 302030, 711, 'Aprovado'),
(1355, '2014-07-15', 10, 302030, 712, 'Aprovado'),
(1356, '2014-07-15', 8, 302030, 713, 'Aprovado'),
(1357, '2014-07-15', 8, 302030, 714, 'Aprovado'),
(1358, '2015-03-14', 8, 302030, 715, 'Aprovado'),
(1359, '2015-03-14', 8, 302030, 716, 'Aprovado'),
(1360, '2015-03-14', 9.2, 302030, 717, 'Aprovado'),
(1361, '2015-03-14', 8.3, 302030, 718, 'Aprovado'),
(1362, '2015-03-14', 8.9, 302030, 719, 'Aprovado'),
(1363, '2015-03-14', 9.3, 302030, 720, 'Aprovado'),
(1364, '2015-07-15', 7.3, 302030, 721, 'Aprovado'),
(1365, '2015-07-15', 10, 302030, 722, 'Aprovado'),
(1366, '2015-07-15', 9.5, 302030, 723, 'Aprovado'),
(1367, '2015-07-15', 9.5, 302030, 724, 'Aprovado'),
(1368, '2015-07-15', 8, 302030, 725, 'Aprovado'),
(1369, '2015-07-15', 8, 302030, 726, 'Aprovado'),
(1370, '2018-02-01', 9, 998, 621, 'Aprovado'),
(1371, '2018-03-01', 9, 998, 622, 'Aprovado'),
(1372, '2018-04-01', 9, 998, 623, 'Aprovado'),
(1373, '2018-05-01', 9, 998, 624, 'Aprovado'),
(1374, '2018-06-01', 9, 998, 625, 'Aprovado'),
(1375, '2018-07-01', 9, 998, 626, 'Aprovado'),
(1376, '2018-08-01', 9, 998, 627, 'Aprovado'),
(1377, '2018-09-01', 9, 998, 628, 'Aprovado'),
(1378, '2018-10-01', 9, 998, 629, 'Aprovado'),
(1379, '2018-11-01', 9, 998, 630, 'Aprovado'),
(1380, '2018-12-01', 9, 998, 631, 'Aprovado'),
(1381, '2019-01-01', 9, 998, 632, 'Aprovado'),
(1382, '2019-02-01', 9, 998, 633, 'Aprovado'),
(1383, '2019-03-01', 9, 998, 634, 'Aprovado'),
(1384, '2019-04-01', 9, 998, 635, 'Aprovado'),
(1385, '2019-05-01', 9, 998, 636, 'Aprovado'),
(1386, '2019-06-01', 9, 998, 637, 'Aprovado'),
(1387, '2019-07-01', 9, 998, 638, 'Aprovado'),
(1388, '2019-08-01', 9, 998, 639, 'Aprovado'),
(1389, '2019-09-01', 9, 998, 640, 'Aprovado'),
(1390, '2019-10-01', 9, 998, 641, 'Aprovado'),
(1391, '2019-11-01', 9, 998, 642, 'Aprovado'),
(1392, '2019-12-01', 9, 998, 643, 'Aprovado'),
(1393, '2020-01-01', 9, 998, 644, 'Aprovado'),
(1394, '2020-02-01', 9, 998, 645, 'Aprovado'),
(1395, '2020-03-01', 9, 998, 646, 'Aprovado'),
(1396, '2020-04-01', 9, 998, 647, 'Aprovado'),
(1397, '2020-05-01', 9, 998, 648, 'Aprovado'),
(1398, '2020-06-01', 9, 998, 649, 'Aprovado'),
(1399, '2020-07-01', 9, 998, 650, 'Aprovado'),
(1400, '2020-08-01', 9, 998, 651, 'Aprovado'),
(1401, '2020-09-01', 9, 998, 652, 'Aprovado'),
(1402, '2020-10-01', 9, 998, 653, 'Aprovado'),
(1403, '2020-11-01', 9, 998, 654, 'Aprovado'),
(1404, '2020-12-01', 9, 998, 655, 'Aprovado'),
(1405, '2021-01-01', 9, 998, 656, 'Aprovado'),
(1406, '2021-02-01', 9, 998, 657, 'Aprovado'),
(1407, '2021-03-01', 9, 998, 658, 'Aprovado'),
(1408, '2021-04-01', 9, 998, 659, 'Aprovado'),
(1409, '2021-05-01', 9, 998, 660, 'Aprovado'),
(1410, '2021-06-01', 9, 998, 661, 'Aprovado'),
(1411, '2021-07-01', 9, 998, 662, 'Aprovado'),
(1412, '2021-08-01', 9, 998, 663, 'Aprovado'),
(1413, '2021-09-01', 9, 998, 664, 'Aprovado'),
(1414, '2021-10-01', 9, 998, 665, 'Aprovado'),
(1415, '2023-01-01', 8, 999, 621, 'Aprovado'),
(1416, '2023-01-02', 8, 999, 622, 'Aprovado'),
(1417, '2023-01-03', 8, 999, 623, 'Aprovado'),
(1418, '2023-01-04', 8, 999, 624, 'Aprovado'),
(1419, '2023-01-05', 8, 999, 625, 'Aprovado'),
(1420, '2023-01-06', 8, 999, 626, 'Aprovado'),
(1421, '2023-01-07', 8, 999, 627, 'Aprovado'),
(1422, '2023-01-08', 8, 999, 628, 'Aprovado'),
(1423, '2023-01-09', 8, 999, 629, 'Aprovado'),
(1424, '2023-01-10', 8, 999, 630, 'Aprovado'),
(1425, '2023-01-11', 4, 999, 631, 'Reprovado'),
(1426, '2023-01-12', 4, 999, 632, 'Reprovado'),
(1427, '2023-01-13', 5, 999, 633, 'Reprovado'),
(1428, '2023-01-14', 2, 999, 634, 'Reprovado'),
(1429, '2023-01-15', 6, 999, 635, 'Reprovado'),
(1430, '2023-01-16', 9, 999, 636, 'Aprovado'),
(1431, '2023-01-17', 9, 999, 637, 'Aprovado'),
(1432, '2023-01-18', 9, 999, 638, 'Aprovado'),
(1433, '2023-01-19', 9, 999, 639, 'Aprovado'),
(1434, '2023-01-20', 9, 999, 640, 'Aprovado'),
(1435, '2023-01-21', 9, 999, 641, 'Aprovado'),
(1436, '2023-01-22', 9, 999, 642, 'Aprovado'),
(1437, '2023-01-23', 9, 999, 643, 'Aprovado'),
(1438, '2023-01-24', 9, 999, 644, 'Aprovado'),
(1439, '2023-01-25', 9, 999, 645, 'Aprovado'),
(1440, '2023-01-26', 9, 999, 646, 'Aprovado'),
(1441, '2023-01-27', 9, 999, 647, 'Aprovado'),
(1442, '2023-01-28', 9, 999, 648, 'Aprovado'),
(1443, '2023-01-29', 9, 999, 649, 'Aprovado'),
(1444, '2023-01-30', 9, 999, 650, 'Aprovado'),
(1445, '2023-01-31', 9, 999, 651, 'Aprovado'),
(1446, '2023-02-01', 9, 999, 652, 'Aprovado'),
(1447, '2023-02-02', 9, 999, 653, 'Aprovado'),
(1448, '2023-02-03', 9, 999, 654, 'Aprovado'),
(1449, '2023-02-04', 9, 999, 655, 'Aprovado'),
(1450, '2023-02-05', 9, 999, 656, 'Aprovado'),
(1451, '2023-02-06', 9, 999, 657, 'Aprovado'),
(1452, '2023-02-07', 9, 999, 658, 'Aprovado'),
(1453, '2023-02-08', 9, 999, 659, 'Aprovado'),
(1454, '2023-02-09', 9, 999, 660, 'Aprovado'),
(1455, '2023-02-10', 9, 999, 661, 'Aprovado'),
(1456, '2023-02-11', 9, 999, 662, 'Aprovado'),
(1457, '2023-02-12', 9, 999, 663, 'Aprovado'),
(1458, '2023-02-13', 9, 999, 664, 'Aprovado'),
(1459, '2023-02-14', 9, 999, 665, 'Aprovado'),
(1510, '2016-02-07', 8.5, 302031, 741, 'Aprovado'),
(1511, '2016-02-07', 7.8, 302031, 742, 'Aprovado'),
(1512, '2016-02-07', 9.2, 302031, 743, 'Aprovado'),
(1513, '2016-02-07', 8.7, 302031, 744, 'Aprovado'),
(1514, '2016-02-07', 7.9, 302031, 745, 'Aprovado'),
(1515, '2016-02-07', 8.3, 302031, 746, 'Aprovado'),
(1516, '2016-08-07', 9, 302031, 747, 'Aprovado'),
(1517, '2016-08-07', 7.5, 302031, 748, 'Aprovado'),
(1518, '2016-08-07', 8.9, 302031, 749, 'Aprovado'),
(1520, '2016-08-07', 7.4, 302031, 757, 'Aprovado'),
(1521, '2016-08-07', 8.6, 302031, 758, 'Aprovado'),
(1522, '2017-02-07', 8, 302031, 760, 'Aprovado'),
(1523, '2017-02-07', 7.6, 302031, 761, 'Aprovado'),
(1524, '2017-02-07', 8.4, 302031, 762, 'Aprovado'),
(1525, '2017-02-07', 9.3, 302031, 763, 'Aprovado'),
(1526, '2017-02-07', 7.3, 302031, 764, 'Aprovado'),
(1527, '2017-08-07', 8.8, 302031, 765, 'Aprovado'),
(1528, '2017-08-07', 9.1, 302031, 766, 'Aprovado'),
(1529, '2017-08-07', 7.7, 302031, 767, 'Aprovado'),
(1530, '2017-08-07', 8.2, 302031, 768, 'Aprovado'),
(1531, '2017-08-07', 9.5, 302031, 769, 'Aprovado'),
(1532, '2017-08-07', 7.1, 302031, 770, 'Aprovado'),
(1557, '2018-02-07', 8.3, 302031, 771, 'Aprovado'),
(1558, '2018-02-07', 7.2, 302031, 772, 'Aprovado'),
(1577, '2022-06-05', 8.5, 302032, 741, 'Aprovado'),
(1578, '2022-06-05', 7.8, 302032, 742, 'Aprovado'),
(1579, '2022-06-05', 9.2, 302032, 743, 'Aprovado'),
(1580, '2022-06-05', 8.7, 302032, 744, 'Aprovado'),
(1581, '2022-06-05', 7.9, 302032, 745, 'Aprovado'),
(1582, '2022-06-05', 8.3, 302032, 746, 'Aprovado'),
(1583, '2022-12-05', 9, 302032, 747, 'Aprovado'),
(1584, '2022-12-05', 7.5, 302032, 748, 'Aprovado'),
(1585, '2022-12-05', 8.9, 302032, 749, 'Aprovado'),
(1587, '2022-12-05', 7.6, 302032, 757, 'Aprovado'),
(1588, '2022-12-05', 8.8, 302032, 758, 'Aprovado'),
(1589, '2022-12-05', 8.1, 302032, 760, 'Aprovado'),
(1590, '2023-06-05', 7.7, 302032, 761, 'Aprovado'),
(1591, '2023-06-05', 8.6, 302032, 762, 'Aprovado'),
(1592, '2023-06-05', 9.5, 302032, 763, 'Aprovado'),
(1593, '2023-06-05', 7.3, 302032, 764, 'Aprovado'),
(1594, '2022-12-05', 7.2, 302032, 756, 'Aprovado'),
(1595, '2018-02-07', 8.5, 302031, 773, 'Aprovado'),
(1596, '2018-02-07', 7.8, 302031, 774, 'Aprovado'),
(1597, '2018-02-07', 7.8, 302031, 775, 'Aprovado'),
(1598, '2018-08-07', 7.2, 302031, 776, 'Aprovado'),
(1599, '2018-08-07', 9.5, 302031, 777, 'Aprovado'),
(1600, '2018-08-07', 8.8, 302031, 778, 'Aprovado'),
(1601, '2018-08-07', 9.2, 302031, 779, 'Aprovado'),
(1630, '2021-12-01', 8.5, 302034, 813, 'Aprovado'),
(1631, '2019-12-01', 8.2, 302034, 814, 'Aprovado'),
(1632, '2019-12-01', 7.8, 302034, 815, 'Aprovado'),
(1633, '2019-12-01', 8.7, 302034, 816, 'Aprovado'),
(1634, '2019-12-01', 8.9, 302034, 817, 'Aprovado'),
(1635, '2019-12-01', 8, 302034, 818, 'Aprovado'),
(1636, '2021-01-01', 8.4, 302034, 819, 'Aprovado'),
(1637, '2021-01-01', 9, 302034, 820, 'Aprovado'),
(1638, '2021-01-01', 8.2, 302034, 821, 'Aprovado'),
(1639, '2021-01-01', 7.5, 302034, 822, 'Aprovado'),
(1640, '2021-01-01', 8.8, 302034, 823, 'Aprovado'),
(1641, '2021-12-01', 7.9, 302034, 824, 'Aprovado'),
(1642, '2021-12-01', 8.6, 302034, 825, 'Aprovado'),
(1643, '2021-12-01', 8.3, 302034, 826, 'Aprovado'),
(1644, '2021-12-01', 8.1, 302034, 827, 'Aprovado'),
(1645, '2021-12-01', 7.7, 302034, 828, 'Aprovado'),
(1646, '2021-12-01', 8.5, 302034, 829, 'Aprovado'),
(1647, '2021-12-01', 8.9, 302034, 830, 'Aprovado'),
(1648, '2021-12-01', 8.3, 302034, 831, 'Aprovado'),
(1649, '2021-12-01', 7.6, 302034, 832, 'Aprovado'),
(1650, '2021-12-01', 8.7, 302034, 833, 'Aprovado'),
(1651, '2021-12-01', 8, 302034, 834, 'Aprovado'),
(1652, '2021-12-01', 8.9, 302034, 835, 'Aprovado'),
(1653, '2021-12-01', 8.6, 302034, 836, 'Aprovado'),
(1654, '2023-02-01', 7.8, 302034, 837, 'Aprovado'),
(1655, '2023-02-01', 8.2, 302034, 838, 'Aprovado'),
(1656, '2023-02-01', 7.4, 302034, 839, 'Aprovado'),
(1657, '2023-02-01', 9, 302034, 840, 'Aprovado'),
(1658, '2021-12-01', 8.3, 302033, 813, 'Aprovado'),
(1659, '2021-12-01', 7.9, 302033, 814, 'Aprovado'),
(1660, '2021-12-01', 8.2, 302033, 815, 'Aprovado'),
(1661, '2021-12-01', 8.6, 302033, 816, 'Aprovado'),
(1662, '2021-12-01', 8.4, 302033, 817, 'Aprovado'),
(1663, '2021-12-01', 7.8, 302033, 818, 'Aprovado'),
(1664, '2021-12-01', 8, 302033, 819, 'Aprovado'),
(1665, '2021-06-01', 7.5, 302033, 820, 'Aprovado'),
(1666, '2022-06-01', 8.1, 302033, 821, 'Aprovado'),
(1667, '2022-06-01', 8.9, 302033, 822, 'Aprovado'),
(1668, '2022-06-01', 7.6, 302033, 823, 'Aprovado'),
(1669, '2023-01-01', 4.1, 302033, 824, 'Reprovado'),
(1670, '2023-01-01', 3.1, 302033, 825, 'Reprovado'),
(1671, '2023-01-01', 8.3, 302033, 826, 'Aprovado'),
(1672, '2023-01-01', 8.7, 302033, 827, 'Aprovado'),
(1673, '2016-08-07', 10, 302031, 756, 'Aprovado'),
(1674, '2017-02-07', 7.3, 302031, 759, 'Aprovado'),
(1675, '2018-10-20', 7.2, 1512, 780, 'Aprovado'),
(1676, '2018-10-20', 7.3, 1512, 781, 'Aprovado'),
(1677, '2018-10-20', 7.7, 1512, 782, 'Aprovado'),
(1678, '2018-10-20', 7.1, 1512, 783, 'Aprovado'),
(1679, '2018-10-20', 8.2, 1512, 784, 'Aprovado'),
(1680, '2018-10-20', 7.9, 1512, 785, 'Aprovado'),
(1681, '2019-02-15', 7.3, 1512, 786, 'Aprovado'),
(1682, '2019-02-15', 7.8, 1512, 787, 'Aprovado'),
(1683, '2019-02-15', 7.3, 1512, 788, 'Aprovado'),
(1684, '2019-02-15', 10, 1512, 789, 'Aprovado'),
(1685, '2019-02-15', 8.3, 1512, 790, 'Aprovado'),
(1686, '2019-02-15', 7.3, 1512, 791, 'Aprovado'),
(1687, '2019-08-17', 7.4, 1512, 792, 'Aprovado'),
(1688, '2019-08-17', 7, 1512, 793, 'Aprovado'),
(1689, '2019-08-17', 7.4, 1512, 794, 'Aprovado'),
(1690, '2019-08-17', 7.7, 1512, 795, 'Aprovado'),
(1691, '2019-08-17', 7.4, 1512, 796, 'Aprovado'),
(1692, '2019-08-17', 7.9, 1512, 797, 'Aprovado'),
(1693, '2020-01-18', 7.9, 1512, 798, 'Aprovado'),
(1694, '2020-01-18', 8.9, 1512, 799, 'Aprovado'),
(1695, '2020-01-18', 8.4, 1512, 800, 'Aprovado'),
(1696, '2020-01-18', 8.9, 1512, 801, 'Aprovado'),
(1697, '2020-01-18', 8.44, 1512, 802, 'Aprovado'),
(1698, '2020-01-18', 8.4, 1512, 803, 'Aprovado'),
(1699, '2020-07-23', 9, 1512, 804, 'Aprovado'),
(1700, '2020-07-23', 9.4, 1512, 805, 'Aprovado'),
(1701, '2020-07-23', 9.2, 1512, 806, 'Aprovado'),
(1702, '2020-07-23', 9, 1512, 807, 'Aprovado'),
(1703, '2021-02-26', 9.34, 1512, 808, 'Aprovado'),
(1704, '2021-02-26', 9.55, 1512, 809, 'Aprovado'),
(1705, '2021-02-26', 9, 1512, 810, 'Aprovado'),
(1706, '2021-02-26', 8.1, 1512, 811, 'Aprovado'),
(1707, '2021-02-26', 9, 1512, 812, 'Aprovado'),
(1708, '2025-07-15', 8, 302015, 423, 'Aprovado'),
(1709, '2025-07-15', 8, 302016, 423, 'Aprovado'),
(1710, '2025-08-15', 9, 302015, 424, 'Aprovado'),
(1711, '2025-08-15', 8, 302016, 424, 'Aprovado'),
(1712, '2025-09-15', 8, 302015, 425, 'Aprovado'),
(1713, '2025-09-15', 8, 302015, 425, 'Aprovado'),
(1714, '2025-10-15', 8, 302015, 426, 'Aprovado'),
(1715, '2025-10-15', 8, 302015, 426, 'Aprovado'),
(1716, '2025-11-15', 8, 302015, 427, 'Aprovado'),
(1717, '2025-11-15', 8, 302015, 427, 'Aprovado'),
(1718, '2025-12-15', 8, 302015, 428, 'Aprovado');
INSERT INTO `historico` (`idHistorico`, `data`, `nota`, `matricula`, `idDisciplina`, `status`) VALUES
(1719, '2025-12-15', 8, 302015, 428, 'Aprovado'),
(1720, '2022-02-20', 7.5, 3110, 780, 'Aprovado'),
(1721, '2022-02-20', 7.6, 3110, 781, 'Aprovado'),
(1722, '2022-02-20', 7.1, 3110, 782, 'Aprovado'),
(1723, '2022-02-20', 7.9, 3110, 783, 'Aprovado'),
(1724, '2022-02-20', 7.2, 3110, 784, 'Aprovado'),
(1725, '2022-02-20', 7.5, 3110, 785, 'Aprovado');

-- --------------------------------------------------------

--
-- Estrutura da tabela `politecnico`
--

CREATE TABLE `politecnico` (
  `idPolitecnico` int(11) NOT NULL,
  `nome` varchar(100) NOT NULL,
  `sitio` varchar(100) DEFAULT NULL
) ENGINE=InnoDB DEFAULT CHARSET=utf8mb4;

--
-- Extraindo dados da tabela `politecnico`
--

INSERT INTO `politecnico` (`idPolitecnico`, `nome`, `sitio`) VALUES
(1, 'INSTITUTO POLITECNICO DE SETUBAL', 'https://www.ips.pt'),
(2, 'INSTITUTO POLITECNICO DE SANTARÉM', 'https://www.ipsantarem.pt'),
(3, 'INSTITUTO POLITÉCNICO DO PORTO', 'https://www.ipp.pt'),
(4, 'INSTITUTO POLITECNICO DE VISEU', 'https://www.estgv.ipv.pt');

-- --------------------------------------------------------

--
-- Estrutura da tabela `pre_requisito`
--

CREATE TABLE `pre_requisito` (
  `idPre` int(11) NOT NULL,
  `idDisciplinaAnt` int(11) DEFAULT NULL,
  `idDisciplinaPost` int(11) DEFAULT NULL
) ENGINE=InnoDB DEFAULT CHARSET=latin1;

--
-- Índices para tabelas despejadas
--

--
-- Índices para tabela `aluno`
--
ALTER TABLE `aluno`
  ADD PRIMARY KEY (`idAluno`);

--
-- Índices para tabela `aluno_grade`
--
ALTER TABLE `aluno_grade`
  ADD PRIMARY KEY (`matricula`),
  ADD KEY `idAluno` (`idAluno`),
  ADD KEY `idGrade` (`idGrade`);

--
-- Índices para tabela `curso`
--
ALTER TABLE `curso`
  ADD PRIMARY KEY (`idCurso`),
  ADD KEY `idPolitecnico` (`idPolitecnico`);

--
-- Índices para tabela `disciplina`
--
ALTER TABLE `disciplina`
  ADD PRIMARY KEY (`idDisciplina`);

--
-- Índices para tabela `grade`
--
ALTER TABLE `grade`
  ADD PRIMARY KEY (`idGrade`),
  ADD KEY `idCurso` (`idCurso`) USING BTREE;

--
-- Índices para tabela `grade_disciplina`
--
ALTER TABLE `grade_disciplina`
  ADD PRIMARY KEY (`idGrade`,`idDisciplina`),
  ADD KEY `idDisciplina` (`idDisciplina`);

--
-- Índices para tabela `historico`
--
ALTER TABLE `historico`
  ADD PRIMARY KEY (`idHistorico`),
  ADD KEY `matricula` (`matricula`),
  ADD KEY `idDisciplina` (`idDisciplina`);

--
-- Índices para tabela `politecnico`
--
ALTER TABLE `politecnico`
  ADD PRIMARY KEY (`idPolitecnico`);

--
-- Índices para tabela `pre_requisito`
--
ALTER TABLE `pre_requisito`
  ADD PRIMARY KEY (`idPre`),
  ADD KEY `fk_pre_requisito_1_idx` (`idDisciplinaAnt`),
  ADD KEY `fk_pre_requisito_2_idx` (`idDisciplinaPost`);

--
-- AUTO_INCREMENT de tabelas despejadas
--

--
-- AUTO_INCREMENT de tabela `aluno`
--
ALTER TABLE `aluno`
  MODIFY `idAluno` int(11) NOT NULL AUTO_INCREMENT, AUTO_INCREMENT=43;

--
-- AUTO_INCREMENT de tabela `aluno_grade`
--
ALTER TABLE `aluno_grade`
  MODIFY `matricula` int(11) NOT NULL AUTO_INCREMENT, AUTO_INCREMENT=302035;

--
-- AUTO_INCREMENT de tabela `curso`
--
ALTER TABLE `curso`
  MODIFY `idCurso` int(11) NOT NULL AUTO_INCREMENT, AUTO_INCREMENT=24;

--
-- AUTO_INCREMENT de tabela `disciplina`
--
ALTER TABLE `disciplina`
  MODIFY `idDisciplina` int(11) NOT NULL AUTO_INCREMENT, AUTO_INCREMENT=841;

--
-- AUTO_INCREMENT de tabela `grade`
--
ALTER TABLE `grade`
  MODIFY `idGrade` int(11) NOT NULL AUTO_INCREMENT, AUTO_INCREMENT=26;

--
-- AUTO_INCREMENT de tabela `historico`
--
ALTER TABLE `historico`
  MODIFY `idHistorico` int(11) NOT NULL AUTO_INCREMENT, AUTO_INCREMENT=1726;

--
-- AUTO_INCREMENT de tabela `politecnico`
--
ALTER TABLE `politecnico`
  MODIFY `idPolitecnico` int(11) NOT NULL AUTO_INCREMENT, AUTO_INCREMENT=5;

--
-- AUTO_INCREMENT de tabela `pre_requisito`
--
ALTER TABLE `pre_requisito`
  MODIFY `idPre` int(11) NOT NULL AUTO_INCREMENT;

--
-- Restrições para despejos de tabelas
--

--
-- Limitadores para a tabela `aluno_grade`
--
ALTER TABLE `aluno_grade`
  ADD CONSTRAINT `aluno_grade_ibfk_1` FOREIGN KEY (`idAluno`) REFERENCES `aluno` (`idAluno`),
  ADD CONSTRAINT `aluno_grade_ibfk_2` FOREIGN KEY (`idGrade`) REFERENCES `grade` (`idGrade`);

--
-- Limitadores para a tabela `curso`
--
ALTER TABLE `curso`
  ADD CONSTRAINT `curso_ibfk_1` FOREIGN KEY (`idPolitecnico`) REFERENCES `politecnico` (`idPolitecnico`);

--
-- Limitadores para a tabela `grade`
--
ALTER TABLE `grade`
  ADD CONSTRAINT `fk_grade_curso` FOREIGN KEY (`idCurso`) REFERENCES `curso` (`idCurso`);

--
-- Limitadores para a tabela `grade_disciplina`
--
ALTER TABLE `grade_disciplina`
  ADD CONSTRAINT `grade_disciplina_ibfk_1` FOREIGN KEY (`idGrade`) REFERENCES `grade` (`idGrade`),
  ADD CONSTRAINT `grade_disciplina_ibfk_2` FOREIGN KEY (`idDisciplina`) REFERENCES `disciplina` (`idDisciplina`);

--
-- Limitadores para a tabela `historico`
--
ALTER TABLE `historico`
  ADD CONSTRAINT `historico_ibfk_1` FOREIGN KEY (`matricula`) REFERENCES `aluno_grade` (`matricula`),
  ADD CONSTRAINT `historico_ibfk_2` FOREIGN KEY (`idDisciplina`) REFERENCES `disciplina` (`idDisciplina`);

--
-- Limitadores para a tabela `pre_requisito`
--
ALTER TABLE `pre_requisito`
  ADD CONSTRAINT `fk_prerequisito_1` FOREIGN KEY (`idDisciplinaAnt`) REFERENCES `disciplina` (`idDisciplina`) ON DELETE NO ACTION ON UPDATE NO ACTION,
  ADD CONSTRAINT `fk_prerequisito_2` FOREIGN KEY (`idDisciplinaPost`) REFERENCES `disciplina` (`idDisciplina`) ON DELETE NO ACTION ON UPDATE NO ACTION;
COMMIT;

/*!40101 SET CHARACTER_SET_CLIENT=@OLD_CHARACTER_SET_CLIENT */;
/*!40101 SET CHARACTER_SET_RESULTS=@OLD_CHARACTER_SET_RESULTS */;
/*!40101 SET COLLATION_CONNECTION=@OLD_COLLATION_CONNECTION */;
